City,ILR,ILR_ref_for_city,PAC_MW,PDC_MWp,AC_energy_MWh,AC_energy_MWh_ILR_1_0,AC_energy_delta_MWh,DC_energy_MWh,clipping_energy_MWh,energy_increase_percentage,energy_loss_to_inverter
Amsterdam,1.0,1.0,50.05,50.09,51257.130827064924,51257.130827064924,0.0,52270.575446032715,-2.6048249517964153,0.0,-0.005082136456961915
Amsterdam,1.05,1.0,50.05,52.46,53671.92171103596,51257.130827064924,2414.7908839710362,54736.16862744933,-17.527736431584152,4.711131592828002,-0.0326678490486359
Amsterdam,1.1,1.0,50.05,54.82,56050.94591930377,51257.130827064924,4793.815092238845,57201.761808866,-70.12687329100255,9.352484259044017,-0.1252694663744784
Amsterdam,1.14,1.0,50.05,57.18,58372.2811322392,51257.130827064924,7115.150305174277,59667.354990282605,-180.60185158800905,13.881288691674712,-0.31035683077126697
Amsterdam,1.19,1.0,50.05,59.54,60626.977350059075,51257.130827064924,9369.84652299415,62132.94817169926,-358.21949551409676,18.280083905997056,-0.5943701318328776
Amsterdam,1.24,1.0,50.05,61.91,62811.11068357982,51257.130827064924,11553.979856514896,64598.54135311589,-606.4564544810042,22.541214598016737,-0.9749374254978319
Amsterdam,1.28,1.0,50.05,64.27,64929.78427998113,51257.130827064924,13672.653452916209,67064.13453453254,-919.5960154940869,26.674636742829037,-1.436640073130796
Amsterdam,1.33,1.0,50.05,66.63,66990.78310500372,51257.130827064924,15733.652277938796,69529.72771594915,-1290.0740842539603,30.69553840425081,-1.9635618907042938
Amsterdam,1.38,1.0,50.05,69.0,68994.88998409513,51257.130827064924,17737.75915703021,71995.32089736579,-1717.4934122925672,34.60544683407108,-2.5528535582668583
Amsterdam,1.43,1.0,50.05,71.36,70942.85783862443,51257.130827064924,19685.72701155951,74460.91407878246,-2200.992923244108,38.40583094277489,-3.2018231189297532
Amsterdam,1.47,1.0,50.05,73.72,72833.56037815644,51257.130827064924,21576.429551091518,76926.50726019911,-2741.7591995896655,42.094493396221615,-3.9116689163183644
Amsterdam,1.52,1.0,50.05,76.08,74668.28180726348,51257.130827064924,23411.15098019856,79392.10044161571,-3338.705909187185,45.67393961083156,-4.6806753960768015
Amsterdam,1.57,1.0,50.05,78.45,76444.19220271095,51257.130827064924,25187.06137564603,81857.69362303236,-3994.3333580760564,49.13864855335736,-5.5132382888995055
Amsterdam,1.61,1.0,50.05,80.81,78165.2666445544,51257.130827064924,26908.135817489478,84323.28680444905,-4704.614127032545,52.496375398525764,-6.404264005020101
Amsterdam,1.66,1.0,50.05,83.17,79836.80260730158,51257.130827064924,28579.671780236655,86788.87998586563,-5464.385897928765,55.75745524395591,-7.347328673319975
Amsterdam,1.71,1.0,50.05,85.54,81457.74095665019,51257.130827064924,30200.610129585264,89254.4731672823,-6274.699222178961,58.91982177363438,-8.345896996745248
Amsterdam,1.76,1.0,50.05,87.9,83033.91362218054,51257.130827064924,31776.782795115614,91720.06634869892,-7129.37670874716,61.99485277926784,-9.39255675438476
Amsterdam,1.8,1.0,50.05,90.26,84568.13651017887,51257.130827064924,33311.005683113945,94185.65953011558,-8025.912050564929,64.98804194776541,-10.485600735055264
Amsterdam,1.85,1.0,50.05,92.62,86061.50099130077,51257.130827064924,34804.37016423584,96651.2527115322,-8963.491139392681,67.90151848659143,-11.626099242522596
Amsterdam,1.9,1.0,50.05,94.99,87513.42188415732,51257.130827064924,36256.29105709239,99116.84589294884,-9942.417958765627,70.73414073724987,-12.81718355524741
Amsterdam,1.95,1.0,50.05,97.35,88927.07121816582,51257.130827064924,37669.94039110089,101582.4390743655,-10959.362095671559,73.49209716438187,-14.05628332423288
Amsterdam,1.99,1.0,50.05,99.71,90305.91801558276,51257.130827064924,39048.78718851784,104048.03225578209,-12010.989064607762,76.18215565023237,-15.340698593811277
Amsterdam,2.04,1.0,50.05,102.08,91650.29061097266,51257.130827064924,40393.15978390774,106513.62543719873,-13097.09255862346,78.80495675848333,-16.67289541782288
Amsterdam,2.09,1.0,50.05,104.44,92963.43654030348,51257.130827064924,41706.30571323855,108979.21861861538,-14214.189557089023,81.36683626313449,-18.04993711256541
Amsterdam,2.13,1.0,50.05,106.8,94246.66390745596,51257.130827064924,42989.53308039104,111444.81180003198,-15361.082164348745,83.87034620691564,-19.472610615172332
Amsterdam,2.18,1.0,50.05,109.16,95500.96572280441,51257.130827064924,44243.834895739485,113910.40498144865,-16536.9296351402,86.31742390149107,-20.942356108521672
Amsterdam,2.23,1.0,50.05,111.53,96726.56528768102,51257.130827064924,45469.434460616096,116375.9981628653,-17741.600833961005,88.70850499616184,-22.46199761773193
Amsterdam,2.28,1.0,50.05,113.89,97924.07517943674,51257.130827064924,46666.944352371815,118841.5913442819,-18974.203608045427,91.04478459752299,-24.033229225569784
Amsterdam,2.32,1.0,50.05,116.25,99094.57090155577,51257.130827064924,47837.44007449084,121307.18452569858,-20233.817599929655,93.32836095701165,-25.657651940680143
Amsterdam,2.37,1.0,50.05,118.62,100239.38266041267,51257.130827064924,48982.25183334774,123772.77770711518,-21518.949059156203,95.561829238175,-27.33591276714301
Amsterdam,2.42,1.0,50.05,120.98,101358.36501195938,51257.130827064924,50101.234184894456,126238.37088853182,-22830.14661196228,97.7449056872295,-29.072538607297783
Amsterdam,2.46,1.0,50.05,123.34,102451.48306873425,51257.130827064924,51194.35224166932,128703.96406994847,-24167.0869617216,99.8775222405495,-30.87088636244425
Amsterdam,2.51,1.0,50.05,125.7,103520.07823882908,51257.130827064924,52262.94741176416,131169.5572513651,-25528.544697214824,101.96229591565071,-32.73245638078581
Amsterdam,2.56,1.0,50.05,128.07,104565.04473007336,51257.130827064924,53307.91390300844,133635.15043278172,-26913.566458974845,104.0009712655642,-34.65943863298213
Amsterdam,2.61,1.0,50.05,130.43,105587.45016555385,51257.130827064924,54330.319338488924,136100.74361419838,-28321.011419533756,105.99563116748097,-36.65370357319922
Amsterdam,2.65,1.0,50.05,132.79,106589.31398481136,51257.130827064924,55332.18315774644,138566.33679561506,-29748.93163952122,107.95021544305752,-38.71523114739505
Amsterdam,2.7,1.0,50.05,135.16,107569.9733626777,51257.130827064924,56312.84253561278,141031.92997703163,-31198.28439971848,109.86343095481716,-40.85058851435099
Amsterdam,2.75,1.0,50.05,137.52,108528.49733525609,51257.130827064924,57271.36650819117,143497.52315844828,-32669.944350229533,111.73346144055061,-43.0669226668193
Amsterdam,2.79,1.0,50.05,139.88,109465.11940169291,51257.130827064924,58207.98857462798,145963.11633986497,-34163.30773244114,113.56076244496474,-45.36850704535062
Amsterdam,2.84,1.0,50.05,142.25,110381.44085207315,51257.130827064924,59124.31002500823,148428.70952128162,-35677.030135349574,115.34845800184597,-47.75759529197758
Athens,1.0,1.0,50.05,50.09,78728.6257062137,78728.6257062137,0.0,80152.37012722077,-0.0,0.0,-0.0
Athens,1.05,1.0,50.05,52.46,82424.65078195854,78728.6257062137,3696.0250757448375,83933.14230303309,-20.959681967815623,4.694639392712182,-0.025435367867663376
Athens,1.1,1.0,50.05,54.82,86037.0815415315,78728.6257062137,7308.4558353178,87713.91447884541,-131.28114859657296,9.283098453401525,-0.1528198887573252
Athens,1.14,1.0,50.05,57.18,89492.12188093392,78728.6257062137,10763.496174720218,91494.68665465774,-406.3711829786183,13.671642402200224,-0.4561573313294708
Athens,1.19,1.0,50.05,59.54,92721.99505778836,78728.6257062137,13993.369351574656,95275.45883046999,-910.8266593724325,17.774182168240518,-0.9920652086899566
Athens,1.24,1.0,50.05,61.91,95737.46073981808,78728.6257062137,17008.83503360438,99056.23100628234,-1628.0253433740074,21.60438453107908,-1.7299278616600036
Athens,1.28,1.0,50.05,64.27,98573.51216347217,78728.6257062137,19844.88645725847,102837.00318209465,-2522.748374935877,25.206697410561052,-2.626474038759251
Athens,1.33,1.0,50.05,66.63,101255.8251061435,78728.6257062137,22527.1993999298,106617.77535790688,-3569.7139733875542,28.61373382026638,-3.654269713466527
Athens,1.38,1.0,50.05,69.0,103805.45061338747,78728.6257062137,25076.824907173766,110398.54753371919,-4748.565765960904,31.85223250403387,-4.793776599450844
Athens,1.43,1.0,50.05,71.36,106235.85136442052,78728.6257062137,27507.225658206822,114179.31970953153,-6046.115629376902,34.93929356883947,-6.034665712030755
Athens,1.47,1.0,50.05,73.72,108554.47172435519,78728.6257062137,29825.846018141485,117960.09188534379,-7455.336237264362,37.884372743200906,-7.374282877242131
Athens,1.52,1.0,50.05,76.08,110768.8241076186,78728.6257062137,32040.198401404894,121740.86406115616,-8968.755942526946,40.69701219092423,-8.810166932287409
Athens,1.57,1.0,50.05,78.45,112881.88661631804,78728.6257062137,34153.260910104334,125521.63623696844,-10583.8302874977,43.38099465568185,-10.346071731292442
Athens,1.61,1.0,50.05,80.81,114891.76475065704,78728.6257062137,36163.139044443335,129302.40841278071,-12302.668602989976,45.9339137703113,-11.992179544384985
Athens,1.66,1.0,50.05,83.17,116807.39876672249,78728.6257062137,38078.773060508785,133083.1805885931,-14114.823408833408,48.36712532313821,-13.74473603339141
Athens,1.71,1.0,50.05,85.54,118641.342508641,78728.6257062137,39912.7168024273,136863.95276440535,-16007.931819283824,50.696575031509994,-15.597193654350422
Athens,1.76,1.0,50.05,87.9,120402.21668417007,78728.6257062137,41673.590977956366,140644.72494021762,-17973.536091393733,52.93321279793057,-17.54736660413577
Athens,1.8,1.0,50.05,90.26,122097.07903250423,78728.6257062137,43368.45332629053,144425.4971160299,-20004.999683620375,55.08600326408042,-19.59505557258403
Athens,1.85,1.0,50.05,92.62,123728.14485734196,78728.6257062137,44999.51915112826,148206.26929184224,-22100.306407170192,57.157760277754534,-21.746311585684268
Athens,1.9,1.0,50.05,94.99,125298.1847146546,78728.6257062137,46569.559008440905,151987.04146765452,-24256.64408564944,59.15200296042431,-24.00660553535373
Athens,1.95,1.0,50.05,97.35,126809.68642687741,78728.6257062137,48081.06072066371,155767.81364346683,-26471.4510549478,61.07189130937527,-26.38221706493494
Athens,1.99,1.0,50.05,99.71,128263.51879270776,78728.6257062137,49534.89308649406,159548.58581927913,-28744.44659923188,62.91852886056982,-28.88335468336115
Athens,2.04,1.0,50.05,102.08,129657.92989460957,78728.6257062137,50929.304188395865,163329.35799509147,-31077.075677732504,64.68969035283978,-31.52445363210507
Athens,2.09,1.0,50.05,104.44,130995.3883241572,78728.6257062137,52266.7626179435,167110.13017090366,-33466.56780900879,66.38851135669998,-34.31454172442358
Athens,2.13,1.0,50.05,106.8,132283.06924050848,78728.6257062137,53554.44353429478,170890.90234671597,-35905.129644870736,68.02410565902711,-37.254510519226606
Athens,2.18,1.0,50.05,109.16,133525.26834071527,78728.6257062137,54796.642634501564,174671.67452252842,-38389.22276235926,69.60192959417645,-40.35192184937003
Athens,2.23,1.0,50.05,111.53,134723.41552241557,78728.6257062137,55994.78981620187,178452.44669834065,-40917.30812161132,71.12379939814248,-43.61902359596313
Athens,2.28,1.0,50.05,113.89,135880.26791391647,78728.6257062137,57151.64220770277,182233.21887415287,-43486.58938381865,72.59321713676509,-47.06662844866884
Athens,2.32,1.0,50.05,116.25,136998.2679659691,78728.6257062137,58269.642259755405,186013.99104996526,-46094.51317139557,74.01328517685079,-50.70694084701017
Athens,2.37,1.0,50.05,118.62,138080.91001689743,78728.6257062137,59352.284310683724,189794.7632257776,-48737.57264557343,75.3884419780991,-54.55087539769524
Athens,2.42,1.0,50.05,120.98,139130.01060891352,78728.6257062137,60401.38490269982,193575.53540158985,-51414.219691130886,76.7209948870384,-58.614554065096705
Athens,2.46,1.0,50.05,123.34,140147.10578391558,78728.6257062137,61418.48007770188,197356.30757740216,-54122.699877122286,78.0128949626189,-62.91551717981495
Athens,2.51,1.0,50.05,125.7,141134.20001114247,78728.6257062137,62405.57430492877,201137.0797532145,-56861.05969157224,79.26668825365178,-67.47233991275361
Athens,2.56,1.0,50.05,128.07,142093.1102887649,78728.6257062137,63364.4845825512,204917.85192902674,-59627.608827009346,80.4846826858177,-72.30612531309522
Athens,2.61,1.0,50.05,130.43,143024.66273146775,78728.6257062137,64296.037025254045,208698.62410483914,-62421.45347617237,81.66792757844298,-77.44288850641698
Athens,2.65,1.0,50.05,132.79,143929.98615855348,78728.6257062137,65201.36045233978,212479.3962806513,-65241.477344193496,82.81785674202837,-82.9110607472682
Athens,2.7,1.0,50.05,135.16,144810.22145706162,78728.6257062137,66081.59575084792,216260.16845646358,-68086.61373192216,83.93591931534554,-88.74271655191302
Athens,2.75,1.0,50.05,137.52,145665.95907498332,78728.6257062137,66937.33336876961,220040.94063227595,-70956.33331781706,85.0228652771803,-94.97615949576728
Athens,2.79,1.0,50.05,139.88,146497.94092032377,78728.6257062137,67769.31521411007,223821.71280808814,-73849.72188657885,86.0796369887114,-101.65386415360827
Athens,2.84,1.0,50.05,142.25,147307.4496517415,78728.6257062137,68578.82394552781,227602.4849839005,-76765.49175881788,87.10786366503942,-108.82245694872974
Berlin,1.0,1.0,50.05,50.09,52547.29531553561,52547.29531553561,0.0,53573.50068860917,-0.0,0.0,-0.0
Berlin,1.05,1.0,50.05,52.46,55034.29099896635,52547.29531553561,2486.995683430745,56100.55260788322,-1.3738601240529467,4.732870966044687,-0.002496433399281454
Berlin,1.1,1.0,50.05,54.82,57502.0170499204,52547.29531553561,4954.721734384795,58627.604527157244,-23.284256219301536,9.429070905805368,-0.04050934160791586
Berlin,1.14,1.0,50.05,57.18,59921.681028448744,52547.29531553561,7374.385712913136,61154.65644643123,-95.40317783438606,14.033806437860369,-0.15946701225940693
Berlin,1.19,1.0,50.05,59.54,62259.99420585429,52547.29531553561,9712.69889031868,63681.70836570525,-250.32143634765146,18.48372752963961,-0.40368127288481265
Berlin,1.24,1.0,50.05,61.91,64513.42257899623,52547.29531553561,11966.127263460621,66208.76028497926,-489.52744974848514,22.77210880523252,-0.764601167673812
Berlin,1.28,1.0,50.05,64.27,66694.7348905574,52547.29531553561,14147.439575021795,68735.81220425329,-800.6732747808135,26.923249788727194,-1.2150917019647085
Berlin,1.33,1.0,50.05,66.63,68805.03229096456,52547.29531553561,16257.736975428954,71262.8641235273,-1182.7935229168347,30.939246021711707,-1.7491191425559813
Berlin,1.38,1.0,50.05,69.0,70847.73192882069,52547.29531553561,18300.436613285085,73789.91604280133,-1631.9367848077434,34.82660050035831,-2.3577519862515124
Berlin,1.43,1.0,50.05,71.36,72826.72937157117,52547.29531553561,20279.434056035563,76316.96796207533,-2145.26842574216,38.59272667463048,-3.0351217943646014
Berlin,1.47,1.0,50.05,73.72,74741.37819452863,52547.29531553561,22194.082878993024,78844.01988134936,-2722.5668018491683,42.23639436763045,-3.780355089456407
Berlin,1.52,1.0,50.05,76.08,76593.5176136202,52547.29531553561,24046.222298084598,81371.0718006234,-3362.822496457436,45.76110369466596,-4.592094190936207
Berlin,1.57,1.0,50.05,78.45,78383.39092446236,52547.29531553561,25836.095608926757,83898.12371989738,-4065.096995220959,49.16731765885639,-5.469847032671855
Berlin,1.61,1.0,50.05,80.81,80112.97669753894,52547.29531553561,27565.681382003328,86425.1756391714,-4827.804094140881,52.45880157385291,-6.412689148730164
Berlin,1.66,1.0,50.05,83.17,81786.10380969135,52547.29531553561,29238.808494155746,88952.22755844549,-5646.48779916299,55.642841974230585,-7.4159656891127606
Berlin,1.71,1.0,50.05,85.54,83410.26101367266,52547.29531553561,30862.96569813705,91479.2794777195,-6513.8676202186325,58.733690312339284,-8.47096636494936
Berlin,1.76,1.0,50.05,87.9,84986.45653535132,52547.29531553561,32439.16121981571,94006.33139699347,-7429.403095048124,61.73326528991697,-9.57927456690531
Berlin,1.8,1.0,50.05,90.26,86514.74152539711,52547.29531553561,33967.446209861504,96533.38331626747,-8392.750354803225,64.64166424911889,-10.74313420465192
Berlin,1.85,1.0,50.05,92.62,88000.34452090981,52547.29531553561,35453.049205374205,99060.43523554152,-9398.25365733322,67.4688373445027,-11.9567476565541
Berlin,1.9,1.0,50.05,94.99,89446.66905992634,52547.29531553561,36899.37374439073,101587.48715481549,-10443.087927570052,70.22126167068666,-13.21849943748061
Berlin,1.95,1.0,50.05,97.35,90852.84875110078,52547.29531553561,38305.553435565176,104114.53907408954,-11528.230880094703,72.89728844376913,-14.532980037598623
Berlin,1.99,1.0,50.05,99.71,92220.1426266384,52547.29531553561,39672.847311102785,106641.59099336356,-12652.169775942852,75.49931366186512,-15.901083466942003
Berlin,2.04,1.0,50.05,102.08,93549.84106977313,52547.29531553561,41002.54575423752,109168.64291263762,-13813.775610952727,78.02979298558706,-17.32437577834441
Berlin,2.09,1.0,50.05,104.44,94842.89834916446,52547.29531553561,42295.60303362885,111695.69483191163,-15011.904032423738,80.49054243354017,-18.804606106823492
Berlin,2.13,1.0,50.05,106.8,96101.48361470188,52547.29531553561,43554.18829916627,114222.74675118565,-16244.423651338548,82.88569000104079,-20.34187541939452
Berlin,2.18,1.0,50.05,109.16,97327.9631204119,52547.29531553561,44780.6678048763,116749.79867045967,-17508.81266678274,85.2197387819443,-21.935603883624967
Berlin,2.23,1.0,50.05,111.53,98523.92386835396,52547.29531553561,45976.62855281835,119276.85058973367,-18803.760040477213,87.49570891658311,-23.58720697197296
Berlin,2.28,1.0,50.05,113.89,99691.32702931201,52547.29531553561,47144.03171377641,121803.90250900773,-20127.060674026307,89.71733260615275,-25.296608133293248
Berlin,2.32,1.0,50.05,116.25,100830.2905727337,52547.29531553561,48282.9952571981,124330.95442828168,-21478.996217713233,91.88483435211789,-27.068236746858155
Berlin,2.37,1.0,50.05,118.62,101941.80229902631,52547.29531553561,49394.506983490704,126858.00634755571,-22858.15928240238,94.00009398559324,-28.9037763189506
Berlin,2.42,1.0,50.05,120.98,103027.80677451992,52547.29531553561,50480.511458984314,129385.05826682973,-24262.737763867477,96.06681210870953,-30.803931322127205
Berlin,2.46,1.0,50.05,123.34,104089.33968222441,52547.29531553561,51542.0443666888,131912.11018610373,-25691.83899534769,98.08695967544955,-32.77124751458863
Berlin,2.51,1.0,50.05,125.7,105126.67219092158,52547.29531553561,52579.37687538598,134439.1621053778,-27145.105347821085,100.06105273289087,-34.809643415394866
Berlin,2.56,1.0,50.05,128.07,106141.58103239453,52547.29531553561,53594.285716858925,136966.2140246518,-28620.61623660905,101.99247248604586,-36.919840087136066
Berlin,2.61,1.0,50.05,130.43,107135.05226498976,52547.29531553561,54587.75694945415,139493.26594392586,-30117.63731514103,103.88309545080483,-39.10497039501089
Berlin,2.65,1.0,50.05,132.79,108106.76827738558,52547.29531553561,55559.47296184997,142020.31786319986,-31636.47143589727,105.73231719772988,-41.37092798459385
Berlin,2.7,1.0,50.05,135.16,109057.20369008106,52547.29531553561,56509.908374545455,144547.36978247386,-33176.5298203031,107.54104095218446,-43.721975739486375
Berlin,2.75,1.0,50.05,137.52,109987.46648570965,52547.29531553561,57440.17117017404,147074.42170174792,-34736.64696867366,109.31137525777059,-46.161154378936224
Berlin,2.79,1.0,50.05,139.88,110898.85375751923,52547.29531553561,58351.55844198362,149601.47362102196,-36315.58846616214,111.04578854457611,-48.69133621905192
Berlin,2.84,1.0,50.05,142.25,111791.99539934029,52547.29531553561,59244.70008380468,152128.52554029587,-37912.625984181155,112.74547953049256,-51.31693229693695
Bratislava,1.0,1.0,50.05,50.09,60306.95749986458,60306.95749986458,0.0,61434.42240526439,-0.0,0.0,-0.0
Bratislava,1.05,1.0,50.05,52.46,63158.10099761189,60306.95749986458,2851.143497747311,64332.27251872029,-0.03166514104035952,4.72771901609149,-5.013633471547527e-05
Bratislava,1.1,1.0,50.05,54.82,65995.56422404641,60306.95749986458,5688.606724181831,67230.12263217618,-15.098232125286378,9.432753632438853,-0.022882881923166558
Bratislava,1.14,1.0,50.05,57.18,68776.9825916978,60306.95749986458,8470.025091833224,70127.972745632,-89.03136080211549,14.044855590422124,-0.12961714421039447
Bratislava,1.19,1.0,50.05,59.54,71467.92542581094,60306.95749986458,11160.967925946366,73025.8228590879,-255.69479269133532,18.50693251433125,-0.3590602210014413
Bratislava,1.24,1.0,50.05,61.91,74058.28677440864,60306.95749986458,13751.329274544063,75923.67297254376,-523.0037715176903,22.8022268816578,-0.7112283385067397
Bratislava,1.28,1.0,50.05,64.27,76544.47668480448,60306.95749986458,16237.519184939905,78821.52308599961,-895.805290523125,26.924785892202184,-1.1841652655790638
Bratislava,1.33,1.0,50.05,66.63,78918.56583337314,60306.95749986458,18611.608333508564,81719.37319945547,-1381.690191323761,30.86146127260749,-1.7819781618521269
Bratislava,1.38,1.0,50.05,69.0,81179.45793720178,60306.95749986458,20872.5004373372,84617.22331291134,-1981.028941424695,34.610435184670145,-2.501348784999668
Bratislava,1.43,1.0,50.05,71.36,83334.2861773568,60306.95749986458,23027.328677492224,87515.07342636728,-2685.5316317944385,38.1835357513168,-3.329910854701733
Bratislava,1.47,1.0,50.05,73.72,85397.82660325471,60306.95749986458,25090.869103390134,90412.92353982311,-3480.6959581864435,41.605264373429016,-4.249045261689711
Bratislava,1.52,1.0,50.05,76.08,87380.36973968374,60306.95749986458,27073.41223981916,93310.77365327897,-4356.18610873214,44.892684629099314,-5.246888217649568
Bratislava,1.57,1.0,50.05,78.45,89292.76898793838,60306.95749986458,28985.811488073807,96208.62376673482,-5301.116630706218,48.06379344893812,-6.3114803458795885
Bratislava,1.61,1.0,50.05,80.81,91141.46498783426,60306.95749986458,30834.507487969684,99106.47388019071,-6309.713422279249,51.12927059541832,-7.437914820612096
Bratislava,1.66,1.0,50.05,83.17,92927.20912238376,60306.95749986458,32620.251622519187,102004.3239936466,-7381.322418386649,54.09036199943006,-8.628494838012776
Bratislava,1.71,1.0,50.05,85.54,94654.27432787759,60306.95749986458,34347.31682801301,104902.17410710243,-8511.293682630892,56.95415297329524,-9.880426262102574
Bratislava,1.76,1.0,50.05,87.9,96325.18777486151,60306.95749986458,36018.23027499693,107800.02422055828,-9697.471057434597,59.724834029436515,-11.194420706096892
Bratislava,1.8,1.0,50.05,90.26,97942.91337427021,60306.95749986458,37635.955874405634,110697.87433401421,-10936.528791678613,62.40731987596978,-12.569800301605468
Bratislava,1.85,1.0,50.05,92.62,99510.43259573239,60306.95749986458,39203.47509586781,113595.72444747006,-12225.730987991004,65.00655433654707,-14.006728284337388
Bratislava,1.9,1.0,50.05,94.99,101031.53375734053,60306.95749986458,40724.57625747595,116493.57456092589,-13561.291414565223,67.52881913760514,-15.503891439355696
Bratislava,1.95,1.0,50.05,97.35,102508.05512830737,60306.95749986458,42201.097628442796,119391.42467438175,-14941.171355023185,69.97716246676441,-17.062582007265163
Bratislava,1.99,1.0,50.05,99.71,103943.35162908678,60306.95749986458,43636.39412922221,122289.27478783764,-16362.160538763328,72.3571473976617,-18.682276793756834
Bratislava,2.04,1.0,50.05,102.08,105338.3720495028,60306.95749986458,45031.41454963822,125187.12490129354,-17823.549132189215,74.6703471978989,-20.366320284998345
Bratislava,2.09,1.0,50.05,104.44,106693.67810183576,60306.95749986458,46386.72060197118,128084.97501474945,-19324.626403706854,76.91769328949376,-22.1183886377477
Bratislava,2.13,1.0,50.05,106.8,108011.42863412148,60306.95749986458,47704.4711342569,130982.8251282053,-20863.11838953738,79.10276543857154,-23.93978532800518
Bratislava,2.18,1.0,50.05,109.16,109292.73285052562,60306.95749986458,48985.77535066104,133880.67524166114,-22437.998565675913,81.22740290914368,-25.833938415018366
Bratislava,2.23,1.0,50.05,111.53,110541.05009135247,60306.95749986458,50234.0925914879,136778.52535511702,-24045.514067991862,83.29734192211686,-27.79971681023825
Bratislava,2.28,1.0,50.05,113.89,111759.27076403085,60306.95749986458,51452.313264166274,139676.3754685728,-25682.926793435898,85.3173753033086,-29.83738110695035
Bratislava,2.32,1.0,50.05,116.25,112949.16204258421,60306.95749986458,52642.204542719635,142574.2255820287,-27348.638664102764,87.29043335147168,-31.94914888917345
Bratislava,2.37,1.0,50.05,118.62,114110.12057639076,60306.95749986458,53803.16307652619,145472.0756954846,-29043.504358803024,89.21551560057893,-34.142070826602605
Bratislava,2.42,1.0,50.05,120.98,115242.12897206072,60306.95749986458,54935.17147219614,148369.92580894046,-30767.382079911436,91.09259320919895,-36.42198788614639
Bratislava,2.46,1.0,50.05,123.34,116346.47926695322,60306.95749986458,56039.52176708864,151267.7759223963,-32518.667720370944,92.92380861232219,-38.79221838244059
Bratislava,2.51,1.0,50.05,125.7,117425.07026284064,60306.95749986458,57118.11276297607,154165.6260358521,-34295.649739923625,94.71231037165873,-41.25573055145866
Bratislava,2.56,1.0,50.05,128.07,118479.31537532144,60306.95749986458,58172.357875456866,157063.47614930803,-36096.976898976296,96.46044218958897,-43.81640235830523
Bratislava,2.61,1.0,50.05,130.43,119509.06917633038,60306.95749986458,59202.1116764658,159961.326262764,-37922.83177561701,98.16796291969918,-46.48189815318707
Bratislava,2.65,1.0,50.05,132.79,120514.33154204306,60306.95749986458,60207.37404217848,162859.17637621978,-39773.15793334418,99.83487235666578,-49.26006912668793
Bratislava,2.7,1.0,50.05,135.16,121496.50038549633,60306.95749986458,61189.54288563175,165757.02648967566,-41646.73759463988,101.46348849677777,-52.156369836340744
Bratislava,2.75,1.0,50.05,137.52,122455.24503580094,60306.95749986458,62148.28753593636,168654.8766031315,-43543.613949206454,103.05326302703286,-55.18022292736976
Bratislava,2.79,1.0,50.05,139.88,123391.70606088708,60306.95749986458,63084.748561022505,171552.7267165874,-45462.749655256215,104.60608721831832,-58.3387122735436
Bratislava,2.84,1.0,50.05,142.25,124306.67668934035,60306.95749986458,63999.71918947578,174450.5768300433,-47403.33345216383,106.12327638916206,-61.640146522587294
Brussels,1.0,1.0,50.05,50.09,52375.89330013517,52375.89330013517,0.0,53434.86569493478,-20.49403819310038,0.0,-0.03914407774939424
Brussels,1.05,1.0,50.05,52.46,54806.28664269262,52375.89330013517,2430.3933425574505,55955.378227714704,-76.75198075091197,4.640290006378141,-0.14023868688999547
Brussels,1.1,1.0,50.05,54.82,57186.41472106555,52375.89330013517,4810.521420930381,58475.89076049467,-182.9287756205044,9.184609784818633,-0.32090805077355383
Brussels,1.14,1.0,50.05,57.18,59512.28689620316,52375.89330013517,7136.393596067988,60996.403293274605,-343.61561985066504,13.62534010670434,-0.5807391182502274
Brussels,1.19,1.0,50.05,59.54,61778.5410474031,52375.89330013517,9402.647747267933,63516.91582605454,-563.7260657150243,17.952243207360564,-0.9208980961286226
Brussels,1.24,1.0,50.05,61.91,63985.50634444412,52375.89330013517,11609.61304430895,66037.42835883447,-843.1332638587642,22.165947562519165,-1.3352891611829614
Brussels,1.28,1.0,50.05,64.27,66133.08968903492,52375.89330013517,13757.196388899756,68557.9408916144,-1181.8108110927744,26.266275421911047,-1.8195343209695052
Brussels,1.33,1.0,50.05,66.63,68218.27410122346,52375.89330013517,15842.380801088293,71078.45342439438,-1583.1522402189282,30.247466540198193,-2.3758525474317516
Brussels,1.38,1.0,50.05,69.0,70241.30075998095,52375.89330013517,17865.40745984578,73598.9659571743,-2046.2106558202597,34.10998139443605,-3.0005248951132586
Brussels,1.43,1.0,50.05,71.36,72204.16719064722,52375.89330013517,19828.27389051205,76119.47848995426,-2569.662789310783,37.85763381044019,-3.690214802852055
Brussels,1.47,1.0,50.05,73.72,74104.38160211756,52375.89330013517,21728.48830198239,78639.9910227342,-3155.6862001270506,41.485666272972786,-4.447842461721313
Brussels,1.52,1.0,50.05,76.08,75946.4559747588,52375.89330013517,23570.562674623638,81160.50355551418,-3799.6532463372496,45.00269339475459,-5.266558049204324
Brussels,1.57,1.0,50.05,78.45,77735.4693321374,52375.89330013517,25359.57603200224,83681.0160882941,-4496.201933088268,48.41841243008793,-6.139059131477114
Brussels,1.61,1.0,50.05,80.81,79476.80739809906,52375.89330013517,27100.91409796389,86201.52862107402,-5240.134344013901,51.74310620854642,-7.058686937918404
Brussels,1.66,1.0,50.05,83.17,81175.38438106525,52375.89330013517,28799.491080930078,88722.04115385395,-6026.610548916751,54.986157306945174,-8.01957269772322
Brussels,1.71,1.0,50.05,85.54,82830.29484760888,52375.89330013517,30454.40154747371,91242.55368663395,-6856.968357536162,58.14583700359554,-9.025494439067568
Brussels,1.76,1.0,50.05,87.9,84442.52154963714,52375.89330013517,32066.62824950197,93763.06621941384,-7729.810752730197,61.22402164245132,-10.076310265184715
Brussels,1.8,1.0,50.05,90.26,86010.75530897114,52375.89330013517,33634.862008835975,96283.57875219375,-8646.936018913044,64.21821164193715,-11.17697665169983
Brussels,1.85,1.0,50.05,92.62,87534.62924861684,52375.89330013517,35158.73594848167,98804.09128497372,-9608.364786931637,67.12770653286583,-12.330072348913735
Brussels,1.9,1.0,50.05,94.99,89018.32106417381,52375.89330013517,36642.42776403864,101324.60381775367,-10609.506368297718,69.960482686305,-13.531012309583765
Brussels,1.95,1.0,50.05,97.35,90465.54456564851,52375.89330013517,38089.65126551334,103845.11635053363,-11647.082215318198,72.72363078801186,-14.777099004481386
Brussels,1.99,1.0,50.05,99.71,91878.10589582313,52375.89330013517,39502.21259568796,106365.62888331355,-12719.239452243259,75.42059926180966,-16.06799089437295
Brussels,2.04,1.0,50.05,102.08,93254.57696360606,52375.89330013517,40878.68366347089,108886.14141609352,-13827.692317166558,78.04866148863448,-17.409334860254294
Brussels,2.09,1.0,50.05,104.44,94596.13479440434,52375.89330013517,42220.24149426917,111406.6539488735,-14970.956998301126,80.61006473403711,-18.80178784232968
Brussels,2.13,1.0,50.05,106.8,95905.33714554715,52375.89330013517,43529.44384541198,113927.1664816534,-16146.265043728035,83.10969246093917,-20.2437974994443
Brussels,2.18,1.0,50.05,109.16,97183.38274213579,52375.89330013517,44807.48944200062,116447.67901443335,-17352.908185016116,85.5498333655819,-21.73719783238906
Brussels,2.23,1.0,50.05,111.53,98431.05892690635,52375.89330013517,46055.16562677118,118968.19154721328,-18589.71354707358,87.93199070201314,-23.283317006540802
Brussels,2.28,1.0,50.05,113.89,99649.99734853314,52375.89330013517,47274.104048397974,121488.70407999321,-19855.26969287778,90.25927973676389,-24.88293434443543
Brussels,2.32,1.0,50.05,116.25,100840.23511026659,52375.89330013517,48464.34181013142,124009.21661277319,-21149.51856536797,92.53177131015413,-26.539501064031846
Brussels,2.37,1.0,50.05,118.62,102003.44936859873,52375.89330013517,49627.55606846356,126529.72914555311,-22470.658550288004,94.75266757566784,-28.25332585351024
Brussels,2.42,1.0,50.05,120.98,103140.4296510586,52375.89330013517,50764.53635092343,129050.24167833306,-23817.99722992324,96.92347595872397,-30.026811461693104
Brussels,2.46,1.0,50.05,123.34,104251.17811955995,52375.89330013517,51875.28481942478,131570.75421111294,-25191.60685145458,99.04420058701109,-31.86408229564674
Brussels,2.51,1.0,50.05,125.7,105338.26700944778,52375.89330013517,52962.37370931261,134091.26674389298,-26588.61472554035,101.119752565969,-33.76346936705619
Brussels,2.56,1.0,50.05,128.07,106401.87911376623,52375.89330013517,54025.985813631065,136611.77927667287,-28009.246931561873,103.15048089784398,-35.72943802481498
Brussels,2.61,1.0,50.05,130.43,107441.78542103912,52375.89330013517,55065.892120903954,139132.2918094528,-29453.5803258533,105.13594833667848,-37.7667113762969
Brussels,2.65,1.0,50.05,132.79,108459.33287990453,52375.89330013517,56083.43957976936,141652.8043422328,-30920.13837457718,107.07872657825317,-39.876785633171366
Brussels,2.7,1.0,50.05,135.16,109455.32119179197,52375.89330013517,57079.4278916568,144173.31687501268,-32408.286851116096,108.98034247276406,-42.06299065038329
Brussels,2.75,1.0,50.05,137.52,110430.18531103755,52375.89330013517,58054.29201090238,146693.82940779274,-33917.505790217496,110.84162646778677,-44.329261506242396
Brussels,2.79,1.0,50.05,139.88,111385.21693591308,52375.89330013517,59009.32363577791,149214.34194057257,-35446.461149554,112.66504477094163,-46.67769544351854
Brussels,2.84,1.0,50.05,142.25,112322.10615823914,52375.89330013517,59946.21285810397,151734.8544733525,-36993.36855316726,114.45382423281603,-49.10923736318726
Bucharest,1.0,1.0,50.05,50.09,64880.93372251338,64880.93372251338,0.0,66082.25481767012,-0.0,0.0,-0.0
Bucharest,1.05,1.0,50.05,52.46,67945.56934380473,64880.93372251338,3064.6356212913524,69199.34230906966,-0.6306888399111564,4.723476444402554,-0.0009282352039699299
Bucharest,1.1,1.0,50.05,54.82,70998.87371686575,64880.93372251338,6117.939994352375,72316.42980046917,-12.813324073265418,9.429488207611103,-0.018050479210093492
Bucharest,1.14,1.0,50.05,57.18,74013.26408605967,64880.93372251338,9132.330363546294,75433.51729186875,-67.53789887975067,14.075522406326622,-0.09133441831214284
Bucharest,1.19,1.0,50.05,59.54,76900.67366077466,64880.93372251338,12019.739938261278,78550.60478326825,-257.5222044205655,18.525843030662926,-0.33600158595672625
Bucharest,1.24,1.0,50.05,61.91,79624.969590242,64880.93372251338,14744.035867728628,81667.69227466783,-611.5485452821142,22.724759065254506,-0.7739805936691861
Bucharest,1.28,1.0,50.05,64.27,82206.42262836364,64880.93372251338,17325.48890585026,84784.77976606732,-1106.2075704402487,26.70351351592586,-1.364000785509845
Bucharest,1.33,1.0,50.05,66.63,84665.01648018062,64880.93372251338,19784.082757667245,87901.8672574669,-1722.771043748154,30.492906964441946,-2.0770730701624154
Bucharest,1.38,1.0,50.05,69.0,87017.07313311055,64880.93372251338,22136.13941059717,91018.95474886642,-2445.351622755255,34.11809624268097,-2.8914530520179094
Bucharest,1.43,1.0,50.05,71.36,89269.79428964568,64880.93372251338,24388.860567132302,94136.04224026595,-3267.0553074791383,37.59018122556624,-3.7987805343694836
Bucharest,1.47,1.0,50.05,73.72,91427.83512594721,64880.93372251338,26546.901403433832,97253.1297316655,-4182.938064538622,40.916336865574706,-4.794478766585511
Bucharest,1.52,1.0,50.05,76.08,93502.26732194355,64880.93372251338,28621.333599430174,100370.217223065,-5182.426589488199,44.11362777520988,-5.867794310439449
Bucharest,1.57,1.0,50.05,78.45,95490.64415291788,64880.93372251338,30609.710430404506,103487.30471446457,-6268.267165114656,47.17828285474116,-7.025442917724028
Bucharest,1.61,1.0,50.05,80.81,97397.61053252398,64880.93372251338,32516.6768100106,106604.39220586409,-7435.268184642218,50.11746123919833,-8.264867266228187
Bucharest,1.66,1.0,50.05,83.17,99231.1268077581,64880.93372251338,34350.193085244726,109721.47969726367,-8675.298315133794,52.94343209078289,-9.580055154418238
Bucharest,1.71,1.0,50.05,85.54,100996.12738847079,64880.93372251338,36115.19366595741,112838.56718866316,-9983.642209149228,55.663800740625916,-10.969530377594342
Bucharest,1.76,1.0,50.05,87.9,102697.58056168842,64880.93372251338,37816.64683917504,115955.65468006268,-11355.214268250968,58.28622473423628,-12.431486865330738
Bucharest,1.8,1.0,50.05,90.26,104342.36057807988,64880.93372251338,39461.426855566504,119072.74217146222,-12783.044483759619,60.82129925000381,-13.96148969766343
Bucharest,1.85,1.0,50.05,92.62,105933.85048117914,64880.93372251338,41052.91675866576,122189.8296628618,-14264.304860673534,63.27423852166386,-15.560571140741802
Bucharest,1.9,1.0,50.05,94.99,107468.99300439218,64880.93372251338,42588.0592818788,125306.9171542613,-15802.297198915021,65.6403304305421,-17.23886419168915
Bucharest,1.95,1.0,50.05,97.35,108951.9167947595,64880.93372251338,44070.98307224612,128424.00464566081,-17392.0794755554,67.92593839776029,-18.995314959900572
Bucharest,1.99,1.0,50.05,99.71,110388.51748652464,64880.93372251338,45507.58376401126,131541.0921370604,-19027.8084650164,70.14014927504094,-20.82712433912575
Bucharest,2.04,1.0,50.05,102.08,111780.1246304397,64880.93372251338,46899.19090792633,134658.17962845988,-20708.50361359647,72.28501227881146,-22.738701016166754
Bucharest,2.09,1.0,50.05,104.44,113128.01909021781,64880.93372251338,48247.085367704436,137775.26711985937,-22433.452152211197,74.36250158490387,-24.735166515040934
Bucharest,2.13,1.0,50.05,106.8,114430.62821258882,64880.93372251338,49549.694490075446,140892.35461125892,-24203.619929425757,76.37019328666341,-26.825249323868256
Bucharest,2.18,1.0,50.05,109.16,115692.00487858611,64880.93372251338,50811.071156072736,144009.4421026585,-26014.521894477115,78.31433402821318,-29.008978651962092
Bucharest,2.23,1.0,50.05,111.53,116916.0845041504,64880.93372251338,52035.15078163703,147126.529594058,-27862.65203991895,80.20098940650891,-31.287566653997366
Bucharest,2.28,1.0,50.05,113.89,118105.71912102663,64880.93372251338,53224.78539851325,150243.6170854575,-29744.880340618776,82.034555214862,-33.662967385970624
Bucharest,2.32,1.0,50.05,116.25,119264.07422191573,64880.93372251338,54383.14049940235,153360.70457685698,-31658.190255818994,83.81991037920537,-36.13705931906427
Bucharest,2.37,1.0,50.05,118.62,120392.69042124912,64880.93372251338,55511.75669873574,156477.79206825665,-33601.35662747453,85.55942942521713,-38.71510571241469
Bucharest,2.42,1.0,50.05,120.98,121492.23742613051,64880.93372251338,56611.30370361713,159594.87955965614,-35573.463374381376,87.2541445623081,-41.40359748726789
Bucharest,2.46,1.0,50.05,123.34,122563.0165247223,64880.93372251338,57682.082802208926,162711.96705105575,-37574.323406504154,88.90452016135754,-44.21096739802642
Bucharest,2.51,1.0,50.05,125.7,123607.23897277478,64880.93372251338,58726.3052502614,165829.05454245533,-39601.61746039138,90.51396439734599,-47.14162784279103
Bucharest,2.56,1.0,50.05,128.07,124625.86121544494,64880.93372251338,59744.92749293156,168946.1420338547,-41654.569885484605,92.08395142470083,-50.203593577726366
Bucharest,2.61,1.0,50.05,130.43,125618.96277518763,64880.93372251338,60738.02905267425,172063.22952525428,-43733.06725451447,93.61460381017672,-53.40732610474228
Bucharest,2.65,1.0,50.05,132.79,126586.83615345758,64880.93372251338,61705.9024309442,175180.31701665383,-45837.012844776116,95.10637238183357,-56.764226801531784
Bucharest,2.7,1.0,50.05,135.16,127529.74232087236,64880.93372251338,62648.808598358984,178297.4045080534,-47965.75001463085,96.55965936972967,-60.285750657170226
Bucharest,2.75,1.0,50.05,137.52,128449.19117886251,64880.93372251338,63568.257456349136,181414.49199945293,-50117.960658439675,97.97679196206026,-63.98209287082848
Bucharest,2.79,1.0,50.05,139.88,129346.14760774063,64880.93372251338,64465.21388522725,184531.57949085243,-52292.59635452233,99.35925731423025,-67.86526448686973
Bucharest,2.84,1.0,50.05,142.25,130222.04312559572,64880.93372251338,65341.109403082344,187648.66698225198,-54488.139692414836,100.7092618033783,-71.94682595554984
Budapest,1.0,1.0,50.05,50.09,62505.600779242,62505.600779242,0.0,63667.061776511655,-0.0,0.0,-0.0
Budapest,1.05,1.0,50.05,52.46,65459.794557366266,62505.600779242,2954.193778124267,66670.22506785653,-0.4136907791015447,4.726286510800724,-0.0006319808920049036
Budapest,1.1,1.0,50.05,54.82,68399.40281580262,62505.600779242,5893.802036560621,69673.38835920143,-16.27127659585085,9.429238281184462,-0.02379428410136772
Budapest,1.14,1.0,50.05,57.18,71281.45617085256,62505.600779242,8775.85539161056,72676.55165054633,-93.1052152601213,14.040110457629593,-0.1307871498782163
Budapest,1.19,1.0,50.05,59.54,74079.02174182888,62505.600779242,11573.420962586883,75679.7149418912,-255.71715499912722,18.515814292325615,-0.3463908266235318
Budapest,1.24,1.0,50.05,61.91,76770.86996701188,62505.600779242,14265.269187769882,78682.87823323612,-525.9883316736581,22.822385530141727,-0.6898670709324982
Budapest,1.28,1.0,50.05,64.27,79348.92016176763,62505.600779242,16843.31938252563,81686.041524581,-910.9167999649922,26.946896234167976,-1.1613207385752837
Budapest,1.33,1.0,50.05,66.63,81798.41854544092,62505.600779242,19292.817766198918,84689.20481592588,-1426.117304080537,30.86574247056278,-1.7743890395745483
Budapest,1.38,1.0,50.05,69.0,84127.08056266695,62505.600779242,21621.479783424948,87692.36810727078,-2060.854919882411,34.59126784460154,-2.5112095795081895
Budapest,1.43,1.0,50.05,71.36,86352.34932622752,62505.600779242,23846.748546985516,90695.53139861563,-2797.9199787570574,38.15137883596662,-3.348619577211872
Budapest,1.47,1.0,50.05,73.72,88490.80006144087,62505.600779242,25985.199282198868,93698.69468996054,-3620.963989307311,41.57259342882519,-4.266491084335003
Budapest,1.52,1.0,50.05,76.08,90545.61674098967,62505.600779242,28040.015961747675,96701.85798130542,-4528.380512042088,44.860005522992616,-5.264503616448608
Budapest,1.57,1.0,50.05,78.45,92519.69663854229,62505.600779242,30014.095859300287,99705.02127265032,-5515.678714070155,48.018250340964514,-6.33956781037204
Budapest,1.61,1.0,50.05,80.81,94422.18918702677,62505.600779242,31916.588407784773,102708.18456399521,-6574.311455373513,51.06196566369812,-7.483745339250994
Budapest,1.66,1.0,50.05,83.17,96260.47353810398,62505.600779242,33754.87275886198,105711.3478553401,-7696.5932408022945,54.002957075923206,-8.690442666881196
Budapest,1.71,1.0,50.05,85.54,98038.00410493658,62505.600779242,35532.403325694584,108714.51114668505,-8879.62630158368,56.84675114345087,-9.959385220274555
Budapest,1.76,1.0,50.05,87.9,99759.43190123056,62505.600779242,37253.831121988565,111717.67443802989,-10118.457560791967,59.6007888214083,-11.287759459601673
Budapest,1.8,1.0,50.05,90.26,101425.6409143378,62505.600779242,38920.0401350958,114720.83772937478,-11412.764275497919,62.26648436282382,-12.679035157702534
Budapest,1.85,1.0,50.05,92.62,103037.23062344111,62505.600779242,40531.62984419911,117724.00102071968,-12761.799544939986,64.84479684844433,-14.136514655734697
Budapest,1.9,1.0,50.05,94.99,104596.68683755104,62505.600779242,42091.08605830904,120727.16431206456,-14162.608846770501,67.33970321630348,-15.660699109703238
Budapest,1.95,1.0,50.05,97.35,106109.62155203354,62505.600779242,43604.02077279154,123730.32760340946,-15609.484812886392,69.7601818544113,-17.24802345644886
Budapest,1.99,1.0,50.05,99.71,107578.1978825506,62505.600779242,45072.597103308595,126733.49089475437,-17101.13459350596,72.1096934377073,-18.901071688051402
Budapest,2.04,1.0,50.05,102.08,109001.43029713901,62505.600779242,46495.829517897015,129736.65418609926,-18637.79245695931,74.38666125634329,-20.625323307504246
Budapest,2.09,1.0,50.05,104.44,110385.50320170172,62505.600779242,47879.90242245972,132739.8174774441,-20213.370141542026,76.60097947312356,-22.41642673358561
Budapest,2.13,1.0,50.05,106.8,111729.58192802341,62505.600779242,49223.981148781415,135742.98076878904,-21829.169948595,78.7513127385676,-24.28150157264028
Budapest,2.18,1.0,50.05,109.16,113034.85164524482,62505.600779242,50529.250866002825,138746.1440601339,-23483.682158592463,80.83955715338634,-26.22375820797373
Budapest,2.23,1.0,50.05,111.53,114302.2592813454,62505.600779242,51796.6585021034,141749.3073514788,-25176.224335138562,82.86722766658853,-28.247890024877687
Budapest,2.28,1.0,50.05,113.89,115533.72994663814,62505.600779242,53028.12916739614,144752.47064282373,-26904.56712251557,84.83740417867752,-30.356336746523844
Budapest,2.32,1.0,50.05,116.25,116729.84338543251,62505.600779242,54224.24260619051,147755.6339341685,-28668.323198768343,86.7510141974322,-32.554881108116284
Budapest,2.37,1.0,50.05,118.62,117892.97180090933,62505.600779242,55387.371021667335,150758.79722551347,-30464.89433189181,88.61185290784596,-34.845664246349074
Budapest,2.42,1.0,50.05,120.98,119024.61251018438,62505.600779242,56519.01173094238,153761.96051685832,-32292.825461480257,90.42231580263802,-37.23297600607061
Budapest,2.46,1.0,50.05,123.34,120125.72827103912,62505.600779242,57620.12749179712,156765.12380820324,-34151.44141450482,92.18394315623098,-39.722855127014306
Budapest,2.51,1.0,50.05,125.7,121197.0492492244,62505.600779242,58691.448469982395,159768.28709954812,-36039.66896401954,93.89790312914442,-42.321251362262764
Budapest,2.56,1.0,50.05,128.07,122239.6515794866,62505.600779242,59734.0508002446,162771.45039089303,-37956.68503490138,95.56591738269024,-45.03482327573568
Budapest,2.61,1.0,50.05,130.43,123255.10273809468,62505.600779242,60749.50195885268,165774.6136822379,-39900.7449403104,97.19049365417423,-47.86881693349335
Budapest,2.65,1.0,50.05,132.79,124244.39914716134,62505.600779242,61738.79836791934,168777.77697358275,-41871.064750556914,98.77322607612258,-50.83084842597183
Budapest,2.7,1.0,50.05,135.16,125208.00226515833,62505.600779242,62702.40148591633,171780.94026492772,-43866.92633798012,100.31485291593212,-53.929611623594255
Budapest,2.75,1.0,50.05,137.52,126147.77032162844,62505.600779242,63642.169542386444,174784.10355627252,-45886.41866503122,101.81834707446231,-57.17125081740323
Budapest,2.79,1.0,50.05,139.88,127066.06465745387,62505.600779242,64560.46387821187,177787.26684761746,-47927.214013245066,103.28748635858611,-60.56091745470942
Budapest,2.84,1.0,50.05,142.25,127963.3573743567,62505.600779242,65457.7565951147,180790.43013896234,-49989.11892744857,104.72302606337496,-64.10978795449942
Copenhagen,1.0,1.0,50.05,50.09,52559.4487520004,52559.4487520004,0.0,53610.36626897953,-8.662683167507241,0.0,-0.016484402642732213
Copenhagen,1.05,1.0,50.05,52.46,54997.068814452134,52559.4487520004,2437.620062451737,56139.15713072386,-65.16425907970803,4.637834148439317,-0.11862734344850757
Copenhagen,1.1,1.0,50.05,54.82,57342.17686312187,52559.4487520004,4782.728111121476,58667.94799246816,-216.9991972162537,9.099654248065999,-0.37986612222961486
Copenhagen,1.14,1.0,50.05,57.18,59590.98455314669,52559.4487520004,7031.535801146296,61196.7388542125,-463.6361949224874,13.378252565631557,-0.7841315529888782
Copenhagen,1.19,1.0,50.05,59.54,61763.485470423926,52559.4487520004,9204.03671842353,63725.529715956814,-785.851856903719,17.51166904708685,-1.288754269941818
Copenhagen,1.24,1.0,50.05,61.91,63864.98568015313,52559.4487520004,11305.536928152731,66254.32057770113,-1178.984737409618,21.509999051735576,-1.8807783551011426
Copenhagen,1.28,1.0,50.05,64.27,65899.96057089811,52559.4487520004,13340.511818897714,68783.11143944545,-1638.7025491354393,25.381757487306178,-2.5500629766390155
Copenhagen,1.33,1.0,50.05,66.63,67861.35716875797,52559.4487520004,15301.908416757571,71311.90230118974,-2172.5709725734496,29.113525312944198,-3.307369641577639
Copenhagen,1.38,1.0,50.05,69.0,69749.76474599134,52559.4487520004,17190.315993990946,73840.69316293407,-2778.978373588918,32.706423682452886,-4.1495382152688745
Copenhagen,1.43,1.0,50.05,71.36,71575.95381604283,52559.4487520004,19016.505064042438,76369.48402467839,-3447.006700615125,36.18094465520564,-5.05953320366895
Copenhagen,1.47,1.0,50.05,73.72,73345.12382222939,52559.4487520004,20785.675070228994,78898.27488642273,-4172.116901031216,39.54698073091548,-6.031423364006841
Copenhagen,1.52,1.0,50.05,76.08,75060.7968553801,52559.4487520004,22501.348103379707,81427.06574816705,-4950.618397366064,42.81123306591626,-7.061197826405157
Copenhagen,1.57,1.0,50.05,78.45,76721.6875161243,52559.4487520004,24162.238764123897,83955.85660991137,-5783.934905030225,45.97125604975887,-8.153535588785578
Copenhagen,1.61,1.0,50.05,80.81,78329.40779420381,52559.4487520004,25769.959042203416,86484.64747165564,-6670.438276099159,49.030116666173406,-9.308588053884687
Copenhagen,1.66,1.0,50.05,83.17,79886.84577204117,52559.4487520004,27327.39702004077,89013.43833339999,-7607.077315290426,51.993309802361075,-10.524490431706612
Copenhagen,1.71,1.0,50.05,85.54,81397.82917955244,52559.4487520004,28838.380427552045,91542.2291951443,-8589.845730915315,54.868118125866886,-11.797944846220165
Copenhagen,1.76,1.0,50.05,87.9,82868.98724910709,52559.4487520004,30309.53849710669,94071.02005688864,-9612.112093856533,57.66715446374068,-13.121105798583333
Copenhagen,1.8,1.0,50.05,90.26,84302.75857408214,52559.4487520004,31743.30982208174,96599.81091863292,-10671.742460600732,60.3950585019665,-14.493542292222688
Copenhagen,1.85,1.0,50.05,92.62,85700.77035635053,52559.4487520004,33141.32160435014,99128.60178037727,-11766.982421187953,63.05492616698874,-15.915568172304653
Copenhagen,1.9,1.0,50.05,94.99,87063.85764187571,52559.4487520004,34504.40888987532,101657.39264212159,-12897.219798531622,65.6483462234982,-17.389516598788425
Copenhagen,1.95,1.0,50.05,97.35,88392.28717478979,52559.4487520004,35832.83842278939,104186.18350386592,-14062.081672313658,68.1758261808741,-18.918394718880755
Copenhagen,1.99,1.0,50.05,99.71,89688.36577595367,52559.4487520004,37128.917023953276,106714.9743656102,-15259.150942656952,70.64175501372655,-20.501561083015222
Copenhagen,2.04,1.0,50.05,102.08,90953.079006044,52559.4487520004,38393.63025404361,109243.76522735451,-16487.576676071694,73.04800785716452,-22.14122803202451
Copenhagen,2.09,1.0,50.05,104.44,92188.16117782357,52559.4487520004,39628.71242582317,111772.55608909886,-17745.371957586973,75.39788442761191,-23.837596822289747
Copenhagen,2.13,1.0,50.05,106.8,93396.56526341102,52559.4487520004,40837.11651141062,114301.34695084317,-19029.79701373162,77.6970030718908,-25.589113876564962
Copenhagen,2.18,1.0,50.05,109.16,94578.20418334287,52559.4487520004,42018.75543134247,116830.1378125875,-20341.034019795083,79.94519811196317,-27.40006653672666
Copenhagen,2.23,1.0,50.05,111.53,95733.97447359312,52559.4487520004,43174.52572159272,119358.92867433181,-21678.032231471934,82.14417530387342,-29.272508829334708
Copenhagen,2.28,1.0,50.05,113.89,96863.91763470028,52559.4487520004,44304.46888269988,121887.71953607611,-23041.01070791009,84.29401360685631,-31.211194014291177
Copenhagen,2.32,1.0,50.05,116.25,97968.33949042812,52559.4487520004,45408.89073842772,124416.51039782044,-24429.314634825372,86.39529488349032,-33.21952484792048
Copenhagen,2.37,1.0,50.05,118.62,99049.8232863333,52559.4487520004,46490.3745343329,126945.30125956475,-25840.49412863637,88.45293403607755,-35.296723007766566
Copenhagen,2.42,1.0,50.05,120.98,100108.60180384637,52559.4487520004,47549.15305184597,129474.09212130908,-27274.328455483057,90.46737395630745,-37.44710724994959
Copenhagen,2.46,1.0,50.05,123.34,101146.49613486246,52559.4487520004,48587.04738286207,132002.8829830534,-28728.91798038067,92.44207946722969,-39.671194083701465
Copenhagen,2.51,1.0,50.05,125.7,102165.02775064396,52559.4487520004,49605.57899864356,134531.6738447977,-30202.673222318357,94.37994533143879,-41.97010147914222
Copenhagen,2.56,1.0,50.05,128.07,103165.53978380897,52559.4487520004,50606.09103180857,137060.464706542,-31694.465472002328,96.28352700309193,-44.34586408164088
Copenhagen,2.61,1.0,50.05,130.43,104148.34311072898,52559.4487520004,51588.89435872858,139589.25556828632,-33203.900665383524,98.15341595789687,-46.802680408635695
Copenhagen,2.65,1.0,50.05,132.79,105113.93871851164,52559.4487520004,52554.48996651124,142118.04643003066,-34730.482325644225,99.99056537766872,-49.34466720671561
Copenhagen,2.7,1.0,50.05,135.16,106062.29410981611,52559.4487520004,53502.84535781571,144646.83729177495,-36274.41474974327,101.79491343272396,-51.97810147315731
Copenhagen,2.75,1.0,50.05,137.52,106993.58194635747,52559.4487520004,54434.13319435708,147175.6281535193,-37835.3631168284,103.56678863053207,-54.708411750872784
Copenhagen,2.79,1.0,50.05,139.88,107908.04889847407,52559.4487520004,55348.60014647367,149704.41901526364,-39413.06044587777,105.30666028792228,-57.541524330870686
Copenhagen,2.84,1.0,50.05,142.25,108807.24643663844,52559.4487520004,56247.79768463804,152233.20987700793,-41005.94150150086,107.01748024421065,-60.47957563756241
Dublin,1.0,1.0,50.05,50.09,49352.67102477057,49352.67102477057,0.0,50340.119768206365,-3.4873023845855746,0.0,-0.007066585749834094
Dublin,1.05,1.0,50.05,52.46,51667.071923646174,49352.67102477057,2314.400898875603,52714.653719536844,-31.45622672570064,4.689514976228913,-0.06091963134580513
Dublin,1.1,1.0,50.05,54.82,53928.54894912643,49352.67102477057,4575.87792435586,55089.187670867344,-113.65502878153353,9.271793865136871,-0.21119623305355223
Dublin,1.14,1.0,50.05,57.18,56133.622976717306,49352.67102477057,6780.951951946736,57463.72162219782,-251.36924685252,13.739787150615035,-0.4498194508540059
Dublin,1.19,1.0,50.05,59.54,58291.52717390888,49352.67102477057,8938.856149138308,59838.25557352832,-435.8403552243218,18.112203379330396,-0.7533232758781574
Dublin,1.24,1.0,50.05,61.91,60401.1806235728,49352.67102477057,11048.50959880223,62212.78952485881,-668.4682960828407,22.386852361560894,-1.1190991837402313
Dublin,1.28,1.0,50.05,64.27,62461.055373207055,49352.67102477057,13108.384348436484,64587.323476189275,-950.8502848066304,26.56063810985481,-1.5458415127052494
Dublin,1.33,1.0,50.05,66.63,64471.51734541627,49352.67102477057,15118.846320645702,66961.85742751976,-1282.6541407201375,30.634302068589985,-2.0298737398789157
Dublin,1.38,1.0,50.05,69.0,66426.91985234607,49352.67102477057,17074.248827575495,69336.39137885027,-1669.8099412360918,34.596402733715806,-2.5785739103060448
Dublin,1.43,1.0,50.05,71.36,68330.58964434391,49352.67102477057,18977.918619573342,71710.92533018075,-2108.1756391723507,38.453680875849955,-3.1834774839342384
Dublin,1.47,1.0,50.05,73.72,70188.77983277454,49352.67102477057,20836.10880800397,74085.45928151123,-2591.6963006429223,42.21880675424058,-3.8340356790851557
Dublin,1.52,1.0,50.05,76.08,72002.36714458055,49352.67102477057,22649.69611980998,76459.99323284173,-3119.8353875100165,45.89355682176125,-4.529211264349001
Dublin,1.57,1.0,50.05,78.45,73772.55969276256,49352.67102477057,24419.88866799199,78834.52718417224,-3691.0214883285644,49.480378996580384,-5.266752960760551
Dublin,1.61,1.0,50.05,80.81,75499.9128943231,49352.67102477057,26147.241869552534,81209.06113550278,-4305.419194611557,52.98039868283722,-6.047404751231486
Dublin,1.66,1.0,50.05,83.17,77182.14936055294,49352.67102477057,27829.47833578237,83583.59508683319,-4964.6726893480545,56.38900136086756,-6.8746138998340385
Dublin,1.71,1.0,50.05,85.54,78823.59801186495,49352.67102477057,29470.926987094375,85958.12903816365,-5664.510409517319,59.71495843113058,-7.7427297074923445
Dublin,1.76,1.0,50.05,87.9,80428.9136503266,49352.67102477057,31076.242625556035,88332.66298949419,-6400.156064667277,62.96770160617766,-8.645499767116311
Dublin,1.8,1.0,50.05,90.26,81998.9389952789,49352.67102477057,32646.267970508336,90707.19694082467,-7171.0227660451255,66.14893843156506,-9.583352213199209
Dublin,1.85,1.0,50.05,92.62,83533.77784437028,49352.67102477057,34181.106819599714,93081.73089215514,-7977.127766547434,69.25887922549094,-10.557810276568699
Dublin,1.9,1.0,50.05,94.99,85031.01799594071,49352.67102477057,35678.34697117014,95456.26484348562,-8821.102888836067,72.29263630587054,-11.574744410145293
Dublin,1.95,1.0,50.05,97.35,86489.54772412688,49352.67102477057,37136.87669935631,97830.79879481615,-9703.871856466441,75.247957057313,-12.637606880209006
Dublin,1.99,1.0,50.05,99.71,87911.01495847832,49352.67102477057,38558.34393370775,100205.33274614663,-10623.411721099616,78.12818056869699,-13.745298438704593
Dublin,2.04,1.0,50.05,102.08,89299.94885363478,49352.67102477057,39947.27782886421,102579.8666974771,-11575.265950370072,80.94248396163664,-14.892651237672494
Dublin,2.09,1.0,50.05,104.44,90658.42788441907,49352.67102477057,41305.7568596485,104954.40064880763,-12557.378067414225,83.69507870995827,-16.078372949962734
Dublin,2.13,1.0,50.05,106.8,91988.0350523488,49352.67102477057,42635.36402757823,107328.93460013808,-13568.382612276208,86.38917234323374,-17.30227333339052
Dublin,2.18,1.0,50.05,109.16,93288.75766627965,49352.67102477057,43936.08664150908,109703.46855146856,-14608.2650525011,89.02473914625034,-18.566565316525352
Dublin,2.23,1.0,50.05,111.53,94562.16003043127,49352.67102477057,45209.489005660704,112078.00250279908,-15675.244278702283,91.60494876350185,-19.870524952496606
Dublin,2.28,1.0,50.05,113.89,95808.50193724719,49352.67102477057,46455.83091247662,114452.53645412957,-16769.56607092536,94.13032759495428,-21.21684191103945
Dublin,2.32,1.0,50.05,116.25,97027.18709777822,49352.67102477057,47674.51607300765,116827.07040546005,-17891.256567110137,96.5996674203902,-22.608259544223866
Dublin,2.37,1.0,50.05,118.62,98221.02191952287,49352.67102477057,48868.3508947523,119201.60435679047,-19037.78360135217,99.01865467468784,-24.0426938904107
Dublin,2.42,1.0,50.05,120.98,99391.37721638284,49352.67102477057,50038.70619161227,121576.13830812104,-20207.553147073046,101.3900669459154,-25.51979951029559
Dublin,2.46,1.0,50.05,123.34,100539.1454135415,49352.67102477057,51186.47438877093,123950.67225945159,-21399.968299384815,103.71571249523647,-27.040928500577895
Dublin,2.51,1.0,50.05,125.7,101664.17751025099,49352.67102477057,52311.506485480415,126325.206210782,-22615.18861105378,105.995289412451,-28.609080174184815
Dublin,2.56,1.0,50.05,128.07,102765.77284325537,49352.67102477057,53413.1018184848,128699.74016211247,-23853.865389522052,108.22737799069935,-30.228473951802222
Dublin,2.61,1.0,50.05,130.43,103845.96791378567,49352.67102477057,54493.2968890151,131074.274113443,-25113.761867586563,110.41610465554012,-31.89769870394602
Dublin,2.65,1.0,50.05,132.79,104905.76759479355,49352.67102477057,55553.09657002298,133448.80806477348,-26394.040324231108,112.56350551349156,-33.617959051230066
Dublin,2.7,1.0,50.05,135.16,105943.95477182059,49352.67102477057,56591.283747050016,135823.34201610397,-27696.146773428653,114.66711440733637,-35.39542829621226
Dublin,2.75,1.0,50.05,137.52,106962.19915073007,49352.67102477057,57609.5281259595,138197.87596743443,-29017.91222875529,116.73031454983406,-37.22904317259754
Dublin,2.79,1.0,50.05,139.88,107961.46813180606,49352.67102477057,58608.79710703549,140572.40991876493,-30358.610011806166,118.75506611915529,-39.12047925459347
Dublin,2.84,1.0,50.05,142.25,108942.02272428903,49352.67102477057,59589.351699518455,142946.94387009548,-31718.01450404507,120.74189798078001,-41.07273791537063
Helsinki,1.0,1.0,50.05,50.09,48533.95801849098,48533.95801849098,0.0,49509.79918858301,-0.0,0.0,-0.0
Helsinki,1.05,1.0,50.05,52.46,50833.23539454133,48533.95801849098,2299.277376050348,51845.16707483692,-0.14080695283258274,4.737461088943838,-0.0002769985852227899
Helsinki,1.1,1.0,50.05,54.82,53105.7454464778,48533.95801849098,4571.787427986819,54180.53496109085,-29.922182129357502,9.419770434228775,-0.0563762939301528
Helsinki,1.14,1.0,50.05,57.18,55289.577951246625,48533.95801849098,6755.619932755646,56515.90284734476,-150.67774697971817,13.919367404945252,-0.2732694094759221
Helsinki,1.19,1.0,50.05,59.54,57362.25190746386,48533.95801849098,8828.293888972883,58851.27073359867,-383.36192834496455,18.18993185268217,-0.6728139640583654
Helsinki,1.24,1.0,50.05,61.91,59337.714103519145,48533.95801849098,10803.756085028166,61186.63861985261,-712.4312707916953,22.260199922108225,-1.2152287142467857
Helsinki,1.28,1.0,50.05,64.27,61233.927731847616,48533.95801849098,12699.969713356637,63522.006506106496,-1120.241901094203,26.16718320916268,-1.8635388690824564
Helsinki,1.33,1.0,50.05,66.63,63055.246100109805,48533.95801849098,14521.288081618826,65857.3743923604,-1602.7424879993096,29.919851325717868,-2.608099579011222
Helsinki,1.38,1.0,50.05,69.0,64811.55589996003,48533.95801849098,16277.597881469053,68192.74227861437,-2150.12435257359,33.53857494018403,-3.4313361496498875
Helsinki,1.43,1.0,50.05,71.36,66501.51563123599,48533.95801849098,17967.55761274501,70528.11016486825,-2763.9247955365986,37.020590008133155,-4.336412404826142
Helsinki,1.47,1.0,50.05,73.72,68132.68328250818,48533.95801849098,19598.7252640172,72863.47805112219,-3436.2089086128126,40.38146910777454,-5.311276915576873
Helsinki,1.52,1.0,50.05,76.08,69706.37346736663,48533.95801849098,21172.415448875654,75198.84593737616,-4166.446986250583,43.623920886092094,-6.357112694429184
Helsinki,1.57,1.0,50.05,78.45,71221.1178864443,48533.95801849098,22687.159867953327,77534.21382363002,-4955.383613180559,46.74492003992284,-7.478048296795089
Helsinki,1.61,1.0,50.05,80.81,72686.0616453065,48533.95801849098,24152.103626815522,79869.58170988395,-5793.604069535528,49.7633092640287,-8.66107223370131
Helsinki,1.66,1.0,50.05,83.17,74107.26875043285,48533.95801849098,25573.31073194187,82204.94959613789,-6675.447537771867,52.69158291643694,-9.899551009781248
Helsinki,1.71,1.0,50.05,85.54,75486.60002461953,48533.95801849098,26952.642006128553,84540.31748239177,-7599.171727378526,55.53357506070255,-11.193783470639088
Helsinki,1.76,1.0,50.05,87.9,76827.41313962608,48533.95801849098,28293.4551211351,86875.6853686457,-8561.0417181389,58.29620388750401,-12.5406426910868
Helsinki,1.8,1.0,50.05,90.26,78133.41962616565,48533.95801849098,29599.461607674668,89211.05325489961,-9557.670871909937,60.98711668312227,-13.937391928683537
Helsinki,1.85,1.0,50.05,92.62,79402.83511493054,48533.95801849098,30868.87709643956,91546.42114115354,-10591.22982909514,63.602636909766986,-15.391633119297834
Helsinki,1.9,1.0,50.05,94.99,80636.85544383014,48533.95801849098,32102.897425339157,93881.78902740745,-11659.92156274959,66.1452284874608,-16.904087941705033
Helsinki,1.95,1.0,50.05,97.35,81839.8480882125,48533.95801849098,33305.89006972152,96217.15691366135,-12759.357702583362,68.62389021936413,-18.470276674871002
Helsinki,1.99,1.0,50.05,99.71,83012.91945790473,48533.95801849098,34478.96143941375,98552.52479991526,-13888.885716869021,71.0409017667127,-20.092701431316843
Helsinki,2.04,1.0,50.05,102.08,84157.95046512653,48533.95801849098,35623.99244663555,100887.89268616916,-15046.027946457638,73.40013858557167,-21.770524387298472
Helsinki,2.09,1.0,50.05,104.44,85278.62729665457,48533.95801849098,36744.66927816359,103223.26057242307,-16227.450858335586,75.70919574324479,-23.50061460984811
Helsinki,2.13,1.0,50.05,106.8,86375.97627036858,48533.95801849098,37842.018251877606,105558.62845867695,-17432.138405557776,77.97018787847502,-25.284548910288045
Helsinki,2.18,1.0,50.05,109.16,87450.49939450221,48533.95801849098,38916.541376011235,107893.99634493094,-18659.598529626765,80.18414933557325,-27.125096916930087
Helsinki,2.23,1.0,50.05,111.53,88503.73972486559,48533.95801849098,39969.78170637461,110229.36423118484,-19908.250851912962,82.35425944685267,-29.0226823644125
Helsinki,2.28,1.0,50.05,113.89,89537.09755077284,48533.95801849098,41003.139532281864,112564.73211743876,-21176.650339803742,84.4834033866763,-30.977928325205195
Helsinki,2.32,1.0,50.05,116.25,90551.60845902136,48533.95801849098,42017.65044053038,114900.10000369269,-22463.794851082548,86.57371489158591,-32.992386832147226
Helsinki,2.37,1.0,50.05,118.62,91548.0246855035,48533.95801849098,43014.066667012514,117235.46788994664,-23769.004706127645,88.6267438782235,-35.06838061889977
Helsinki,2.42,1.0,50.05,120.98,92526.10073251251,48533.95801849098,43992.14271402153,119570.83577620046,-25092.63741522137,90.64198451991273,-37.21095755849629
Helsinki,2.46,1.0,50.05,123.34,93484.61742702268,48533.95801849098,44950.6594085317,121906.2036624544,-26436.075250390375,92.61692481665295,-39.4282625575174
Helsinki,2.51,1.0,50.05,125.7,94422.22454225222,48533.95801849098,45888.266523761245,124241.57154870834,-27800.3566953504,94.54878274357564,-41.72857590729232
Helsinki,2.56,1.0,50.05,128.07,95341.0306133658,48533.95801849098,46807.07259487482,126576.9394349623,-29183.206937311068,96.44190275403002,-44.11149780290262
Helsinki,2.61,1.0,50.05,130.43,96243.07800002862,48533.95801849098,47709.11998153764,128912.30732121613,-30582.767396656713,98.3004929525033,-46.57725057286916
Helsinki,2.65,1.0,50.05,132.79,97128.31787296147,48533.95801849098,48594.359854470495,131247.67520747002,-31999.141741318526,100.12445273051192,-49.13180795752731
Helsinki,2.7,1.0,50.05,135.16,97997.34255854336,48533.95801849098,49463.38454005238,133583.04309372403,-33431.78177178972,101.91500252505121,-51.77958862962223
Helsinki,2.75,1.0,50.05,137.52,98850.49505273734,48533.95801849098,50316.537034246365,135918.41097997795,-34880.16073134253,103.67284904947634,-54.525525153738165
Helsinki,2.79,1.0,50.05,139.88,99688.55893639881,48533.95801849098,51154.60091790783,138253.77886623182,-36343.683967534,105.39960680399983,-57.374308474675495
Helsinki,2.84,1.0,50.05,142.25,100511.13711898169,48533.95801849098,51977.179100490706,140589.14675248574,-37822.684364823595,107.09445761808236,-60.33437212615658
Lisbon,1.0,1.0,50.05,50.09,78926.2773205949,78926.2773205949,0.0,80358.97624276335,-10.590325503250318,0.0,-0.013419797642905913
Lisbon,1.05,1.0,50.05,52.46,82552.63450472304,78926.2773205949,3626.3571841281373,84149.4939900635,-120.1922061149291,4.594613235586978,-0.14580692111430812
Lisbon,1.1,1.0,50.05,54.82,85957.73344815877,78926.2773205949,7031.45612756387,87940.01173736367,-459.4321155450541,8.90889114027565,-0.537358179500815
Lisbon,1.14,1.0,50.05,57.18,89100.46645884232,78926.2773205949,10174.189138247413,91730.52948466383,-1061.6703019084155,12.89075005643599,-1.2059118800488033
Lisbon,1.19,1.0,50.05,59.54,92047.43567952338,78926.2773205949,13121.158358928471,95521.04723196401,-1855.1027139160356,16.6245752420717,-2.05682972478762
Lisbon,1.24,1.0,50.05,61.91,94834.69502851271,78926.2773205949,15908.417707917804,99311.56497926415,-2807.4457704030992,20.156047197435328,-3.050667919595241
Lisbon,1.28,1.0,50.05,64.27,97479.2636604516,78926.2773205949,18552.986339856696,103102.08272656429,-3901.485415385514,23.506729279141496,-4.169243476980307
Lisbon,1.33,1.0,50.05,66.63,99999.11781920906,78926.2773205949,21072.840498614154,106892.60047386447,-5119.527177593032,26.69939748078735,-5.395814993480283
Lisbon,1.38,1.0,50.05,69.0,102408.92377015951,78926.2773205949,23482.646449564607,110683.11822116461,-6446.740631947981,29.752634036164128,-6.71800121789948
Lisbon,1.43,1.0,50.05,71.36,104721.20930766704,78926.2773205949,25794.931987072137,114473.63596846473,-7870.932709566771,32.68231172527536,-8.126907827252566
Lisbon,1.47,1.0,50.05,73.72,106939.44478530991,78926.2773205949,28013.167464715007,118264.15371576494,-9389.581707851148,35.49282750398427,-9.62541761888012
Lisbon,1.52,1.0,50.05,76.08,109069.08464409638,78926.2773205949,30142.807323501474,122054.67146306508,-10995.95561527566,38.19109217715005,-11.211996317609364
Lisbon,1.57,1.0,50.05,78.45,111120.19220420832,78926.2773205949,32193.91488361341,125845.18921036524,-12680.720648277917,40.789856023290206,-12.881743926340672
Lisbon,1.61,1.0,50.05,80.81,113095.7012287442,78926.2773205949,34169.4239081493,129635.70695766536,-14441.16317978077,43.292836135365505,-14.638113426280954
Lisbon,1.66,1.0,50.05,83.17,114996.04820616273,78926.2773205949,36069.77088556782,133426.22470496554,-16276.95284035936,45.70058554650193,-16.48815032192622
Lisbon,1.71,1.0,50.05,85.54,116824.44294973912,78926.2773205949,37898.16562914422,137216.74245226575,-18184.10085138516,48.01717110665643,-18.434750391735108
Lisbon,1.76,1.0,50.05,87.9,118589.33910944972,78926.2773205949,39663.061788854815,141007.26019956594,-20154.715164402507,50.253303633902924,-20.475229504258806
Lisbon,1.8,1.0,50.05,90.26,120293.18201545355,78926.2773205949,41366.90469485865,144797.777946866,-22186.04188823515,52.412081374151455,-22.614095018431748
Lisbon,1.85,1.0,50.05,92.62,121941.36186731934,78926.2773205949,43015.084546724436,148588.2956941662,-24272.826637881826,54.50033373802636,-24.85224804576156
Lisbon,1.9,1.0,50.05,94.99,123534.66945346021,78926.2773205949,44608.39213286531,152378.81344146642,-26414.86377252236,56.51906265852128,-27.198225518800562
Lisbon,1.95,1.0,50.05,97.35,125071.16489152837,78926.2773205949,46144.88757093347,156169.3311887665,-28614.158417874463,58.46581029470712,-29.665194332658544
Lisbon,1.99,1.0,50.05,99.71,126548.90464914708,78926.2773205949,47622.627328552175,159959.84893606664,-30872.4464400911,60.338114181049306,-32.267547333988745
Lisbon,2.04,1.0,50.05,102.08,127969.36855938527,78926.2773205949,49043.091238790366,163750.36668336677,-33188.14363032097,62.1378492736704,-35.01552512658438
Lisbon,2.09,1.0,50.05,104.44,129336.52420823103,78926.2773205949,50410.24688763612,167540.88443066698,-35556.75688532623,63.87004252445865,-37.915168591639095
Lisbon,2.13,1.0,50.05,106.8,130656.23685722626,78926.2773205949,51729.95953663136,171331.40217796713,-37972.42303970798,65.54212525000595,-40.969853824175246
Lisbon,2.18,1.0,50.05,109.16,131931.07255980055,78926.2773205949,53004.79523920565,175121.9199252673,-40432.995923078284,67.15734865322813,-44.18999547237556
Lisbon,2.23,1.0,50.05,111.53,133163.1676880778,78926.2773205949,54236.890367482905,178912.4376725675,-42936.38306196712,68.71841952861296,-47.58718072453817
Lisbon,2.28,1.0,50.05,113.89,134353.58810594736,78926.2773205949,55427.310785352456,182702.95541986762,-45481.425100033935,70.2266883311996,-51.17623287396265
Lisbon,2.32,1.0,50.05,116.25,135503.97396564434,78926.2773205949,56577.69664504944,186493.4731671678,-48066.43194303314,71.68423314232018,-54.9723046087037
Lisbon,2.37,1.0,50.05,118.62,136616.59574039376,78926.2773205949,57690.31841979886,190283.990914468,-50689.16374763524,73.0939306632485,-58.99066523005951
Lisbon,2.42,1.0,50.05,120.98,137691.93998346123,78926.2773205949,58765.66266286632,194074.50866176808,-53349.44179215061,74.45639735947877,-63.25333365291157
Lisbon,2.46,1.0,50.05,123.34,138731.61680874362,78926.2773205949,59805.33948814872,197865.0264090683,-56044.97819552096,75.77367325361385,-67.7799692132589
Lisbon,2.51,1.0,50.05,125.7,139739.68144597576,78926.2773205949,60813.404125380854,201655.54415636844,-58772.007673442175,77.0508963426206,-72.58700285567451
Lisbon,2.56,1.0,50.05,128.07,140717.3193211452,78926.2773205949,61791.04200055028,205446.06190366857,-61529.50746416894,78.28956856733267,-77.70072946995865
Lisbon,2.61,1.0,50.05,130.43,141665.58692543692,78926.2773205949,62739.30960484201,209236.57965096878,-64316.346557656834,79.49102850752459,-83.15058590342392
Lisbon,2.65,1.0,50.05,132.79,142586.20191392576,78926.2773205949,63659.924593330856,213027.09739826893,-67130.826868131,80.65745244102565,-88.96758756733833
Lisbon,2.7,1.0,50.05,135.16,143480.37939910725,78926.2773205949,64554.10207851234,216817.61514556906,-69971.45407046117,81.79037992162806,-95.1876983068798
Lisbon,2.75,1.0,50.05,137.52,144350.4458134323,78926.2773205949,65424.1684928374,220608.13289286906,-72836.24850759763,82.89275855123313,-101.84865558388235
Lisbon,2.79,1.0,50.05,139.88,145196.84018465455,78926.2773205949,66270.56286405964,224398.65064016936,-75724.71006574186,83.96514458026655,-109.00012700938764
Lisbon,2.84,1.0,50.05,142.25,146020.46599975353,78926.2773205949,67094.18867915863,228189.16838746957,-78635.90194567868,85.00868273138632,-116.69720365420014
Ljubljana,1.0,1.0,50.05,50.09,58517.68654166122,58517.68654166122,0.0,59631.724445830056,-0.0,0.0,-0.0
Ljubljana,1.05,1.0,50.05,52.46,61283.630934099565,58517.68654166122,2765.944392438345,62444.5416366711,-1.7098893479818875,4.726681035944837,-0.0027902019369354103
Ljubljana,1.1,1.0,50.05,54.82,64030.801032639254,58517.68654166122,5513.114490978034,65257.35882751213,-23.811989689921987,9.42127896162302,-0.03720217127217764
Ljubljana,1.14,1.0,50.05,57.18,66714.54337529247,58517.68654166122,8196.856833631253,68070.17601835317,-112.99600267316995,14.007486143177521,-0.169659725833373
Ljubljana,1.19,1.0,50.05,59.54,69287.67875017243,58517.68654166122,10769.992208511212,70882.99320919422,-315.555261481945,18.404678730495604,-0.45751130387291516
Ljubljana,1.24,1.0,50.05,61.91,71748.37815174703,58517.68654166122,13230.691610085814,73695.81040003525,-631.1968036319048,22.609731163357466,-0.8875447418848439
Ljubljana,1.28,1.0,50.05,64.27,74092.93171186792,58517.68654166122,15575.245170206697,76508.6275908763,-1062.678580285778,26.616303703527343,-1.4551210419209402
Ljubljana,1.33,1.0,50.05,66.63,76329.66805200379,58517.68654166122,17811.98151034257,79321.44478171729,-1601.9368601102267,30.438629007764117,-2.1436979747138425
Ljubljana,1.38,1.0,50.05,69.0,78459.8956458795,58517.68654166122,19942.20910421828,82134.26197255838,-2248.4909267197904,34.07894310726138,-2.950333923125439
Ljubljana,1.43,1.0,50.05,71.36,80484.31350676749,58517.68654166122,21966.62696510627,84947.07916339938,-3000.5908862597266,37.538440535353864,-3.8725435288592536
Ljubljana,1.47,1.0,50.05,73.72,82422.14790643276,58517.68654166122,23904.461364771538,87759.89635424047,-3837.580627644464,40.84997678052932,-4.8833769282334805
Ljubljana,1.52,1.0,50.05,76.08,84286.97799502006,58517.68654166122,25769.29145335884,90572.71354508153,-4747.359259363001,44.03675704953338,-5.968546662438039
Ljubljana,1.57,1.0,50.05,78.45,86085.83011562876,58517.68654166122,27568.143573967543,93385.53073592253,-5722.526734749544,47.11078855508175,-7.120820690543067
Ljubljana,1.61,1.0,50.05,80.81,87821.46347893067,58517.68654166122,29303.776937269453,96198.3479267636,-6761.159007865131,50.07678647105581,-8.340900089116401
Ljubljana,1.66,1.0,50.05,83.17,89498.1285658366,58517.68654166122,30980.442024175376,99011.16511760466,-7858.253747261729,52.94201438076177,-9.625509305011578
Ljubljana,1.71,1.0,50.05,85.54,91122.01246475038,58517.68654166122,32604.325923089164,101823.98230844566,-9007.737385446062,55.717045307108584,-10.969758153191474
Ljubljana,1.76,1.0,50.05,87.9,92696.48587560834,58517.68654166122,34178.79933394712,104636.79949928673,-10206.733488516522,58.407639388843215,-12.373335103032378
Ljubljana,1.8,1.0,50.05,90.26,94223.56157525622,58517.68654166122,35705.875033594995,107449.61669012775,-11452.68416708238,61.01723623023694,-13.836610805277507
Ljubljana,1.85,1.0,50.05,92.62,95709.55750846294,58517.68654166122,37191.87096680172,110262.43388096878,-12739.417354303883,63.556632472685415,-15.354219398248532
Ljubljana,1.9,1.0,50.05,94.99,97156.69323021559,58517.68654166122,38639.00668855437,113075.25107180986,-14064.975029550984,66.02962108053542,-16.92704800685959
Ljubljana,1.95,1.0,50.05,97.35,98564.6939721528,58517.68654166122,40047.00743049158,115888.06826265088,-15429.783466438177,68.43573250624053,-18.55993273172231
Ljubljana,1.99,1.0,50.05,99.71,99934.41497934128,58517.68654166122,41416.72843768006,118700.88545349194,-16832.771659344467,70.77642826531383,-20.255642351772824
Ljubljana,2.04,1.0,50.05,102.08,101269.53637184616,58517.68654166122,42751.84983018494,121513.70264433292,-18270.051827376425,73.05799725993626,-22.012247338220075
Ljubljana,2.09,1.0,50.05,104.44,102572.26399611036,58517.68654166122,44054.577454449136,124326.51983517395,-19739.51452942774,75.2842090281283,-23.830567808650926
Ljubljana,2.13,1.0,50.05,106.8,103844.16548668525,58517.68654166122,45326.47894502403,127139.33702601503,-21239.784841732286,77.45774247714695,-25.7126615754488
Ljubljana,2.18,1.0,50.05,109.16,105086.39248855488,58517.68654166122,46568.70594689366,129952.15421685607,-22769.664926416695,79.5805656358944,-27.661042415988447
Ljubljana,2.23,1.0,50.05,111.53,106300.02971423458,58517.68654166122,47782.34317257336,132764.97140769713,-24328.057799161346,81.6545321533774,-29.67850745906948
Ljubljana,2.28,1.0,50.05,113.89,107485.81114899996,58517.68654166122,48968.12460733874,135577.78859853817,-25914.277580799644,83.68089632606419,-31.768775756965805
Ljubljana,2.32,1.0,50.05,116.25,108643.86016336901,58517.68654166122,50126.17362170779,138390.6057893792,-27528.40125475845,85.65986897998923,-33.93730569381794
Ljubljana,2.37,1.0,50.05,118.62,109775.03247867178,58517.68654166122,51257.34593701056,141203.42298022026,-29169.213792552582,87.59291244454492,-36.18747910264163
Ljubljana,2.42,1.0,50.05,120.98,110879.09711034107,58517.68654166122,52361.41056867985,144016.24017106128,-30837.326929044495,89.47963199365638,-38.526542902783376
Ljubljana,2.46,1.0,50.05,123.34,111957.3076379769,58517.68654166122,53439.621096315685,146829.05736190232,-32531.075009278917,91.3221698507677,-40.957595409762526
Ljubljana,2.51,1.0,50.05,125.7,113011.20779553338,58517.68654166122,54493.52125387216,149641.87455274333,-34249.10009024725,93.1231640797623,-43.48423510757397
Ljubljana,2.56,1.0,50.05,128.07,114041.80833101939,58517.68654166122,55524.12178935817,152454.69174358444,-35990.36981037962,94.88434193280727,-46.111090958128074
Ljubljana,2.61,1.0,50.05,130.43,115048.05895235267,58517.68654166122,56530.37241069145,155267.50893442548,-37756.295870021786,96.60390858145954,-48.849055014832466
Ljubljana,2.65,1.0,50.05,132.79,116030.85452682622,58517.68654166122,57513.167985165004,158080.32612526647,-39545.47612116071,98.28339325106256,-51.70331499364257
Ljubljana,2.7,1.0,50.05,135.16,116992.05255263281,58517.68654166122,58474.36601097159,160893.14331610745,-41356.18174222666,99.92597019251815,-54.67800039731516
Ljubljana,2.75,1.0,50.05,137.52,117932.06245284362,58517.68654166122,59414.3759111824,163705.96050694856,-43188.09374101091,101.53233906279394,-57.78137619038927
Ljubljana,2.79,1.0,50.05,139.88,118851.60084913745,58517.68654166122,60333.91430747623,166518.77769778963,-45040.42873779454,103.10372448596709,-61.02115364033482
Ljubljana,2.84,1.0,50.05,142.25,119751.55651730277,58517.68654166122,61233.86997564155,169331.5948886307,-46912.31377755843,104.64164527770004,-64.4052738785009
London,1.0,1.0,50.05,50.09,51243.24483361721,51243.24483361721,0.0,52266.30851578746,-9.277356368538339,0.0,-0.018107823433073204
London,1.05,1.0,50.05,52.46,53635.70054302982,51243.24483361721,2392.455709412614,54731.7004269095,-48.28099271376814,4.668821650894142,-0.09009762574671948
London,1.1,1.0,50.05,54.82,55982.73699725201,51243.24483361721,4739.492163634801,57197.09233803154,-133.70186891122432,9.249008682068357,-0.23939870868669105
London,1.14,1.0,50.05,57.18,58267.18301859322,51243.24483361721,7023.93818497601,59662.48424915361,-281.7527064033496,13.70705193978677,-0.4859025877473202
London,1.19,1.0,50.05,59.54,60493.409827383664,51243.24483361721,9250.164993766455,62127.876160275635,-487.81439097759824,18.051481758817214,-0.8129481716327337
London,1.24,1.0,50.05,61.91,62663.64799462762,51243.24483361721,11420.403161010414,64593.268071397695,-749.3508872784379,22.286651046575145,-1.2103034715538916
London,1.28,1.0,50.05,64.27,64773.205031891564,51243.24483361721,13529.960198274355,67058.65998251976,-1072.282534088015,26.40340252106414,-1.6833077011168682
London,1.33,1.0,50.05,66.63,66825.7926463552,51243.24483361721,15582.54781273799,69524.0518936418,-1451.302576562485,30.408979492483933,-2.2199830163311387
London,1.38,1.0,50.05,69.0,68824.76616379364,51243.24483361721,17581.52133017643,71989.44380476383,-1884.0923321983016,34.30992980101524,-2.8145703118229273
London,1.43,1.0,50.05,71.36,70768.5918786193,51243.24483361721,19525.347045002098,74454.83571588589,-2371.903630915013,38.10326045588909,-3.467863271866273
London,1.47,1.0,50.05,73.72,72661.01664468348,51243.24483361721,21417.771811066268,76920.22762700793,-2910.8689050026655,41.79628335521704,-4.173279913135832
London,1.52,1.0,50.05,76.08,74503.79147351417,51243.24483361721,23260.54663989696,79385.61953813005,-3499.376856442327,45.39241555725467,-4.928393361616363
London,1.57,1.0,50.05,78.45,76300.0707698779,51243.24483361721,25056.82593626069,81851.01144925205,-4134.2209897635885,48.897812809509304,-5.72877753447143
London,1.61,1.0,50.05,80.81,78051.79289095491,51243.24483361721,26808.5480573377,84316.40336037411,-4813.341220545382,52.31625777091781,-6.572150435684473
London,1.66,1.0,50.05,83.17,79760.59780919374,51243.24483361721,28517.352975576534,86781.79527149614,-5535.389605796716,55.65095080955575,-7.457560227555389
London,1.71,1.0,50.05,85.54,81428.65137580082,51243.24483361721,30185.406542183613,89247.18718261825,-6297.993830274986,58.90611853365893,-8.38272156271051
London,1.76,1.0,50.05,87.9,83055.83463361967,51243.24483361721,31812.58980000246,91712.57909374022,-7101.4795228656885,62.081528801104305,-9.349667326528623
London,1.8,1.0,50.05,90.26,84644.32793517728,51243.24483361721,33401.08310156007,94177.9710048623,-7943.408728764498,65.18143651911733,-10.356340981243896
London,1.85,1.0,50.05,92.62,86194.86401239019,51243.24483361721,34951.61917877298,96643.36291598435,-8823.477859693729,68.20727159698443,-11.404058138857867
London,1.9,1.0,50.05,94.99,87706.45272677968,51243.24483361721,36463.20789316247,99108.75482710642,-9742.496237485799,71.15710180250224,-12.496154218165739
London,1.95,1.0,50.05,97.35,89178.57509144078,51243.24483361721,37935.330257823574,101574.14673822846,-10701.10678122886,74.02991434480117,-13.635897043631276
London,1.99,1.0,50.05,99.71,90612.68627914702,51243.24483361721,39369.44144552981,104039.53864935054,-11697.487659565617,76.82854895969076,-14.822857781749398
London,2.04,1.0,50.05,102.08,92011.265581544,51243.24483361721,40768.020747926785,106504.93056047252,-12729.299608357247,79.55784392713097,-16.055731529995498
London,2.09,1.0,50.05,104.44,93376.94251728136,51243.24483361721,42133.697683664155,108970.32247159463,-13793.816327560138,82.22293069158474,-17.332589190674085
London,2.13,1.0,50.05,106.8,94712.3951173915,51243.24483361721,43469.15028377429,111435.71438271666,-14888.383195626315,84.82903536830115,-18.65150953602569
London,2.18,1.0,50.05,109.16,96018.54427770468,51243.24483361721,44775.299444087475,113901.10629383866,-16012.241489227494,87.37795506406621,-20.013725083086374
London,2.23,1.0,50.05,111.53,97295.91420490062,51243.24483361721,46052.66937128341,116366.49820496072,-17164.85453708388,89.87071275601849,-21.420975347438027
London,2.28,1.0,50.05,113.89,98545.40795506041,51243.24483361721,47302.1631214432,118831.89011608275,-18345.17473823547,92.30907073708859,-22.874216199145536
London,2.32,1.0,50.05,116.25,99768.71215118007,51243.24483361721,48525.467317562856,121297.28202720486,-19551.68912663348,94.69632041281,-24.373491298287917
London,2.37,1.0,50.05,118.62,100966.03655869677,51243.24483361721,49722.79172507956,123762.67393832687,-20784.2521102884,97.03287113555271,-25.92141376407216
London,2.42,1.0,50.05,120.98,102137.40344734951,51243.24483361721,50894.1586137323,126228.06584944898,-22042.702309717653,99.31876636419422,-27.520799749087356
London,2.46,1.0,50.05,123.34,103283.07629391558,51243.24483361721,52039.831460298374,128693.45776057101,-23327.000318192444,101.554520267535,-29.174768813410957
London,2.51,1.0,50.05,125.7,104401.84715888115,51243.24483361721,53158.60232526394,131158.849671693,-24638.189368311007,103.73777557971933,-30.888991366220665
London,2.56,1.0,50.05,128.07,105496.00492960404,51243.24483361721,54252.76009598683,133624.2415828151,-25973.84262457453,105.87299901116974,-32.66239482390404
London,2.61,1.0,50.05,130.43,106566.04152450155,51243.24483361721,55322.79669088434,136089.63349393712,-27333.73849394037,107.96115052923192,-34.49822540611663
London,2.65,1.0,50.05,132.79,107612.70607713908,51243.24483361721,56369.46124352187,138555.02540505916,-28716.90465312821,110.0036920506285,-36.39852075117981
London,2.7,1.0,50.05,135.16,108636.83251030864,51243.24483361721,57393.58767669143,141020.4173161812,-30122.483949319463,112.00225095628487,-38.36557839605663
London,2.75,1.0,50.05,137.52,109640.21269334533,51243.24483361721,58396.967859728116,143485.8092273033,-31548.666072096097,113.96032403751653,-40.39959180871377
London,2.79,1.0,50.05,139.88,110623.80251643817,51243.24483361721,59380.55768282096,145951.20113842533,-32994.666491622826,115.87977669178633,-42.502941783450446
London,2.84,1.0,50.05,142.25,111587.04262987032,51243.24483361721,60343.797796253115,148416.59304954743,-34461.08451701804,117.75951736113646,-44.68156423625088
Luxembourg,1.0,1.0,50.05,50.09,53226.97345155762,53226.97345155762,0.0,54263.31487589159,-3.7943270263593325,0.0,-0.007129087530606523
Luxembourg,1.05,1.0,50.05,52.46,55720.5440233859,53226.97345155762,2493.570571828277,56822.905200226094,-33.6443064808457,4.6847874491637205,-0.06041691430459037
Luxembourg,1.1,1.0,50.05,54.82,58166.30315877527,53226.97345155762,4939.32970721765,59382.495524560596,-112.13591578811828,9.27974932054512,-0.19315739267910026
Luxembourg,1.14,1.0,50.05,57.18,60555.84510427297,53226.97345155762,7328.871652715352,61942.08584889511,-246.7088435508982,13.769093332697995,-0.40907374710914884
Luxembourg,1.19,1.0,50.05,59.54,62878.23376175676,53226.97345155762,9651.26031019914,64501.67617322965,-449.6358799241408,18.132273327512873,-0.7202402347322133
Luxembourg,1.24,1.0,50.05,61.91,65131.072840855246,53226.97345155762,11904.099389297626,67061.26649756412,-721.7585150631244,22.364787282394822,-1.1205809635115194
Luxembourg,1.28,1.0,50.05,64.27,67311.30584029776,53226.97345155762,14084.332388740142,69620.85682189866,-1066.9197800010393,26.460892805709552,-1.6105814295416847
Luxembourg,1.33,1.0,50.05,66.63,69414.74866668259,53226.97345155762,16187.775215124966,72180.44714623314,-1489.0697865804093,30.412729045842923,-2.1922044963419722
Luxembourg,1.38,1.0,50.05,69.0,71448.68380739255,53226.97345155762,18221.710355834926,74740.03747056771,-1979.6882462737046,34.23397795183429,-2.849743587456903
Luxembourg,1.43,1.0,50.05,71.36,73424.78081347843,53226.97345155762,20197.807361920808,77299.62779490222,-2527.7807210880414,37.946563654052255,-3.565426911990535
Luxembourg,1.47,1.0,50.05,73.72,75345.41069685468,53226.97345155762,22118.437245297064,79859.2181192367,-3131.2271288100874,41.55494068327455,-4.336027874440559
Luxembourg,1.52,1.0,50.05,76.08,77214.1238119424,53226.97345155762,23987.150360384774,82418.80844357121,-3786.2906583245963,45.06577925610539,-5.156478811520049
Luxembourg,1.57,1.0,50.05,78.45,79032.21784929391,53226.97345155762,25805.244397736293,84978.39876790569,-4491.889929000347,48.481517404369974,-6.026120429472155
Luxembourg,1.61,1.0,50.05,80.81,80803.64312417242,53226.97345155762,27576.6696726148,87537.98909224028,-5243.8469055106,51.80957676977932,-6.93999609307505
Luxembourg,1.66,1.0,50.05,83.17,82530.56246236326,53226.97345155762,29303.58901080564,90097.57941657475,-6040.433264177053,55.05402075411092,-7.897010146925323
Luxembourg,1.71,1.0,50.05,85.54,84210.52990988291,53226.97345155762,30983.556458325293,92657.16974090926,-6883.98887832621,58.21025402942311,-8.902491675551447
Luxembourg,1.76,1.0,50.05,87.9,85845.06113499466,53226.97345155762,32618.087683437036,95216.76006524375,-7773.061706015017,61.281124152443255,-9.95627339233959
Luxembourg,1.8,1.0,50.05,90.26,87435.04133486873,53226.97345155762,34208.06788331111,97776.35038957829,-8706.448741492826,64.26829418442173,-11.058814154675202
Luxembourg,1.85,1.0,50.05,92.62,88981.84470034525,53226.97345155762,35754.871248787626,100335.9407139128,-9683.142387298087,67.17434588184594,-12.210972064929871
Luxembourg,1.9,1.0,50.05,94.99,90486.33988006714,53226.97345155762,37259.36642850952,102895.5310382473,-10702.189908985532,70.00091121547541,-13.41392985055882
Luxembourg,1.95,1.0,50.05,97.35,91948.43145667484,53226.97345155762,38721.458005117216,105455.1213625818,-11763.635452531029,72.74781092026204,-14.670655833461376
Luxembourg,1.99,1.0,50.05,99.71,93370.48325120172,53226.97345155762,40143.509799644096,108014.71168691627,-12865.08830621202,75.41948601713958,-15.980405182786678
Luxembourg,2.04,1.0,50.05,102.08,94754.08075435995,53226.97345155762,41527.10730280233,110574.30201125082,-14004.791800713709,78.01891524152984,-17.343548137932327
Luxembourg,2.09,1.0,50.05,104.44,96103.61172788145,53226.97345155762,42876.63827632383,113133.89233558536,-15178.13177086052,80.55434208624743,-18.75568952933185
Luxembourg,2.13,1.0,50.05,106.8,97421.93129899052,53226.97345155762,44194.957847432896,115693.48265991983,-16382.688091853772,83.0311306121043,-20.215746647558802
Luxembourg,2.18,1.0,50.05,109.16,98710.44831674606,53226.97345155762,45483.47486518844,118253.07298425428,-17616.935038493266,85.45192768960156,-21.724222229767022
Luxembourg,2.23,1.0,50.05,111.53,99969.01661999429,53226.97345155762,46742.04316843667,120812.66330858882,-18881.225178747787,87.81645871895581,-23.284917301550244
Luxembourg,2.28,1.0,50.05,113.89,101198.33158130484,53226.97345155762,47971.35812974722,123372.25363292336,-20174.640934037994,90.12603012907809,-24.89968152878573
Luxembourg,2.32,1.0,50.05,116.25,102401.5411534072,53226.97345155762,49174.567701849584,125931.84395725785,-21493.953122547024,92.38655612572792,-26.566053500876446
Luxembourg,2.37,1.0,50.05,118.62,103578.83995056314,53226.97345155762,50351.86649900552,128491.43428159233,-22839.21604096843,94.59840233980471,-28.287493717510774
Luxembourg,2.42,1.0,50.05,120.98,104730.27787895288,53226.97345155762,51503.30442739526,131051.02460592691,-24210.310698553687,96.7616625323792,-30.067462203893136
Luxembourg,2.46,1.0,50.05,123.34,105856.98490380387,53226.97345155762,52630.011452246246,133610.61493026142,-25606.09756369321,98.87845962187824,-31.90755692852617
Luxembourg,2.51,1.0,50.05,125.7,106959.58349918414,53226.97345155762,53732.61004762652,136170.20525459593,-27026.14652121792,100.94996307939448,-33.81081502684255
Luxembourg,2.56,1.0,50.05,128.07,108036.07504913046,53226.97345155762,54809.101597572844,138729.79557893038,-28472.458890812773,102.97241801180962,-35.785777803459254
Luxembourg,2.61,1.0,50.05,130.43,109088.1576808566,53226.97345155762,55861.18422929898,141289.38590326492,-29942.922024535714,104.94901476999962,-37.83287999110827
Luxembourg,2.65,1.0,50.05,132.79,110116.8107804066,53226.97345155762,56889.837328848975,143848.9762275995,-31436.87547146741,106.88159337224943,-39.955390593585975
Luxembourg,2.7,1.0,50.05,135.16,111123.15299770454,53226.97345155762,57896.17954614692,146408.56655193397,-32952.959540993696,108.77225547839724,-42.15540231359721
Luxembourg,2.75,1.0,50.05,137.52,112108.32347444253,53226.97345155762,58881.35002288491,148968.1568762684,-34490.29531677233,110.62314124712236,-44.43593342349551
Luxembourg,2.79,1.0,50.05,139.88,113072.17589360113,53226.97345155762,59845.20244204351,151527.74720060293,-36048.94896656454,112.43397578580942,-46.802698880317465
Luxembourg,2.84,1.0,50.05,142.25,114015.36991465418,53226.97345155762,60788.39646309656,154087.33752493747,-37628.18508468553,114.20599842750904,-49.25981389213735
Madrid,1.0,1.0,50.05,50.09,80854.75306344665,80854.75306344665,0.0,82368.97506667298,-61.06875725811593,0.0,-0.07558605326956017
Madrid,1.05,1.0,50.05,52.46,84475.8728066463,80854.75306344665,3621.1197431996407,86254.3040792519,-272.2553934429496,4.478549010418907,-0.32332980673139017
Madrid,1.1,1.0,50.05,54.82,87880.11809219728,80854.75306344665,7025.365028750632,90139.63309183081,-704.1780414708161,8.6888707992687,-0.8077665019282438
Madrid,1.14,1.0,50.05,57.18,91041.81393721144,80854.75306344665,10187.060873764785,94024.96210440971,-1380.329139760498,12.599210915616807,-1.5394894952707057
Madrid,1.19,1.0,50.05,59.54,94004.68939583216,80854.75306344665,13149.936332385507,97910.29111698868,-2251.3826098827863,16.26365282702275,-2.4537345723517308
Madrid,1.24,1.0,50.05,61.91,96801.06409948117,80854.75306344665,15946.311036034516,101795.62012956759,-3288.6242136163432,19.722168990512483,-3.5167772519145295
Madrid,1.28,1.0,50.05,64.27,99446.97982940853,80854.75306344665,18592.22676596188,105680.94914214646,-4474.918452816144,22.994599651269205,-4.7118261812511
Madrid,1.33,1.0,50.05,66.63,101967.5844221937,80854.75306344665,21112.831358747047,109566.27815472535,-5785.752016953141,26.112047293224467,-6.015431264166577
Madrid,1.38,1.0,50.05,69.0,104374.42585639012,80854.75306344665,23519.67279294347,113451.60716730428,-7209.775655500731,29.088794290779173,-7.420163238991146
Madrid,1.43,1.0,50.05,71.36,106674.08185930931,80854.75306344665,25819.32879586266,117336.93617988321,-8741.215396486663,31.932975882818237,-8.925721989159797
Madrid,1.47,1.0,50.05,73.72,108874.79956175626,80854.75306344665,28020.046498309603,121222.26519246209,-10370.536461457788,34.65479200254597,-10.528007758302154
Madrid,1.52,1.0,50.05,76.08,110989.59630827891,80854.75306344665,30134.843244832256,125107.5942050411,-12085.269987856182,37.27034231517036,-12.219152020411364
Madrid,1.57,1.0,50.05,78.45,113025.72298616455,80854.75306344665,32170.969922717893,128992.92321761996,-13878.753514374326,39.78859461418843,-13.998162110565746
Madrid,1.61,1.0,50.05,80.81,114982.92651820861,80854.75306344665,34128.173454761956,132878.25223019888,-15751.00510712207,42.20923589734002,-15.872921619516593
Madrid,1.66,1.0,50.05,83.17,116867.70285659049,80854.75306344665,36012.94979314384,136763.5812427778,-17695.497337026707,44.5403002651984,-17.84320238147361
Madrid,1.71,1.0,50.05,85.54,118683.32102728933,80854.75306344665,37828.56796384268,140648.9102553567,-19708.992988164522,46.78583080225183,-19.91323748151491
Madrid,1.76,1.0,50.05,87.9,120432.73057072658,80854.75306344665,39577.977507279924,144534.23926793557,-21788.62891141863,48.949475457828825,-22.088121382737206
Madrid,1.8,1.0,50.05,90.26,122121.0518575386,80854.75306344665,41266.29879409194,148419.56828051453,-23928.892585382,51.03756703296133,-24.36945349074046
Madrid,1.85,1.0,50.05,92.62,123750.43142935655,80854.75306344665,42895.6783659099,152304.89729309344,-26128.62184873965,53.05276033958041,-26.765148035042742
Madrid,1.9,1.0,50.05,94.99,125320.05792341157,80854.75306344665,44465.30485996492,156190.22630567238,-28387.840998704993,54.99405189583973,-29.28628055701608
Madrid,1.95,1.0,50.05,97.35,126834.01277718223,80854.75306344665,45979.25971373558,160075.55531825128,-30702.811688047022,56.86648956512883,-31.938445936588916
Madrid,1.99,1.0,50.05,99.71,128287.55889426092,80854.75306344665,47432.805830814264,163960.8843308302,-33078.95469789691,58.66421457448987,-34.7436610137387
Madrid,2.04,1.0,50.05,102.08,129681.42568222206,80854.75306344665,48826.67261877541,167846.21334340918,-35514.57278715409,60.38812904475902,-37.71451598443955
Madrid,2.09,1.0,50.05,104.44,131021.23456641477,80854.75306344665,50166.48150296812,171731.54235598815,-38003.88020296951,62.04518547425718,-40.85676319547591
Madrid,2.13,1.0,50.05,106.8,132311.93827699515,80854.75306344665,51457.185213548495,175616.8713685669,-40542.27552949981,63.64150932867248,-44.17829848743378
Madrid,2.18,1.0,50.05,109.16,133555.95224721046,80854.75306344665,52701.199183763805,179502.2003811458,-43127.27288226048,65.18008798123374,-47.692029989964155
Madrid,2.23,1.0,50.05,111.53,134756.0611596603,80854.75306344665,53901.30809621366,183387.52939372472,-45756.11634330288,66.66436548747771,-51.41139855503965
Madrid,2.28,1.0,50.05,113.89,135913.7108827774,80854.75306344665,55058.95781933075,187272.85840630365,-48427.403681944685,68.09613007676376,-55.354266549135744
Madrid,2.32,1.0,50.05,116.25,137030.65319039303,80854.75306344665,56175.90012694638,191158.18741888256,-51139.51204893575,69.47754831786474,-59.53991455849004
Madrid,2.37,1.0,50.05,118.62,138108.7366910403,80854.75306344665,57253.983627593654,195043.51643146155,-53890.30443316729,70.81090654332529,-63.98872905655336
Madrid,2.42,1.0,50.05,120.98,139150.1039891482,80854.75306344665,58295.35092570154,198928.84544404043,-56677.735669068956,72.09885469560116,-68.72330311783934
Madrid,2.46,1.0,50.05,123.34,140158.43539143898,80854.75306344665,59303.68232799233,202814.1744566193,-59497.97099486472,73.34594452531043,-73.76348678373301
Madrid,2.51,1.0,50.05,125.7,141134.70599258743,80854.75306344665,60279.95292914078,206699.5034691982,-62350.438568817066,74.55338201557447,-79.14072264382702
Madrid,2.56,1.0,50.05,128.07,142079.3396557264,80854.75306344665,61224.58659227974,210584.83248177715,-65234.53722935766,75.72169139424228,-84.89128108809206
Madrid,2.61,1.0,50.05,130.43,142994.33841315884,80854.75306344665,62139.585349712186,214470.16149435609,-68148.24423024662,76.85334874617861,-91.05116970259385
Madrid,2.65,1.0,50.05,132.79,143881.79305287413,80854.75306344665,63027.039989427474,218355.490506935,-71089.2001994184,77.9509399280092,-97.6599368324926
Madrid,2.7,1.0,50.05,135.16,144744.28614344943,80854.75306344665,63889.53308000277,222240.81951951387,-74054.96834457509,79.017659023544,-104.76118690984784
Madrid,2.75,1.0,50.05,137.52,145583.60850684383,80854.75306344665,64728.85544339717,226126.14853209277,-77043.808379479,80.05572089572087,-112.40740159193857
Madrid,2.79,1.0,50.05,139.88,146400.8766875605,80854.75306344665,65546.12362411384,230011.47754467183,-80054.68639331093,81.06650647078206,-120.66206972587771
Madrid,2.84,1.0,50.05,142.25,147197.37248790046,80854.75306344665,66342.6194244538,233896.80655725073,-83086.2056717461,82.05160106344621,-129.59708861641013
Nicosia,1.0,1.0,50.05,50.09,81573.1452183958,81573.1452183958,0.0,83047.077484366,-0.0,0.0,-0.0
Nicosia,1.05,1.0,50.05,52.46,85417.54709920085,81573.1452183958,3844.401880805046,86964.3924600437,-2.529889606758087,4.712827819146152,-0.0029618791746539876
Nicosia,1.1,1.0,50.05,54.82,89234.67306671325,81573.1452183958,7661.527848317448,90881.70743572133,-34.422773885980966,9.392218269634249,-0.03859044540007188
Nicosia,1.14,1.0,50.05,57.18,92973.32135385601,81573.1452183958,11400.176135460206,94799.02241139897,-150.12082381299354,13.975403430796387,-0.16172769626102868
Nicosia,1.19,1.0,50.05,59.54,96502.9168478187,81573.1452183958,14929.771629422903,98716.33738707662,-494.63839697136854,18.302312102164777,-0.5152039021557969
Nicosia,1.24,1.0,50.05,61.91,99731.64515678621,81573.1452183958,18158.499938390407,102633.65236275423,-1138.6641353245095,22.260389604660517,-1.1549139944116766
Nicosia,1.28,1.0,50.05,64.27,102731.41859760441,81573.1452183958,21158.273379208607,106550.96733843189,-2006.984422836197,25.937792790214914,-1.9925497117748543
Nicosia,1.33,1.0,50.05,66.63,105545.07814840387,81573.1452183958,23971.93293000807,110468.28231410954,-3059.362938814419,29.387040141492655,-2.9851603538676956
Nicosia,1.38,1.0,50.05,69.0,108192.21191653653,81573.1452183958,26619.066698140727,114385.59728978714,-4278.0594262184795,32.6321445947358,-4.116917016300621
Nicosia,1.43,1.0,50.05,71.36,110688.37036227224,81573.1452183958,29115.225143876436,118302.91226546484,-5646.400164267438,35.69216936030386,-5.37537534151724
Nicosia,1.47,1.0,50.05,73.72,113054.52000602252,81573.1452183958,31481.374787626715,122220.2272411425,-7143.823835882878,38.592817162243314,-6.745139154223595
Nicosia,1.52,1.0,50.05,76.08,115303.98562160444,81573.1452183958,33730.84040320864,126137.54221682013,-8756.972973693146,41.350422756044345,-8.218881746249329
Nicosia,1.57,1.0,50.05,78.45,117450.41916861798,81573.1452183958,35877.27395022218,130054.85719249783,-10472.89775540846,43.98172199216782,-9.789811557659881
Nicosia,1.61,1.0,50.05,80.81,119498.41816076853,81573.1452183958,37925.27294237273,133972.1721681754,-12287.055705391163,46.492350933429606,-11.460590952293122
Nicosia,1.66,1.0,50.05,83.17,121456.88982648317,81573.1452183958,39883.74460808736,137889.48714385307,-14190.109472028735,48.893228894517435,-13.228801521905162
Nicosia,1.71,1.0,50.05,85.54,123330.67176899101,81573.1452183958,41757.52655059521,141806.80211953074,-16178.394341879199,51.1902862624676,-15.098507218275625
Nicosia,1.76,1.0,50.05,87.9,125121.2163855868,81573.1452183958,43548.071167190996,145724.11709520835,-18249.663616105638,53.38530352188792,-17.076259437784753
Nicosia,1.8,1.0,50.05,90.26,126832.06060344304,81573.1452183958,45258.915385047236,149641.432070886,-20401.07629200611,55.482616569307865,-19.168361942710924
Nicosia,1.85,1.0,50.05,92.62,128462.76975957683,81573.1452183958,46889.62454118102,153558.7470465636,-22633.055431098874,57.48169255414073,-21.38629549811465
Nicosia,1.9,1.0,50.05,94.99,130015.7768840639,81573.1452183958,48442.6316656681,157476.06202224127,-24942.89274540274,59.38551411248473,-23.73865812276214
Nicosia,1.95,1.0,50.05,97.35,131495.28471415016,81573.1452183958,49922.13949575435,161393.37699791894,-27325.736404056737,61.199233353204406,-26.23198127221699
Nicosia,1.99,1.0,50.05,99.71,132909.58957463485,81573.1452183958,51336.44435623905,165310.69197359655,-29773.388722692307,62.933020688114915,-28.868029340574196
Nicosia,2.04,1.0,50.05,102.08,134264.91718871627,81573.1452183958,52691.771970320464,169228.00694927416,-32279.69403564545,64.59450819169564,-31.651344221894266
Nicosia,2.09,1.0,50.05,104.44,135565.6805276553,81573.1452183958,53992.53530925949,173145.32192495183,-34840.335176803885,66.18910569735328,-34.58944226544604
Nicosia,2.13,1.0,50.05,106.8,136815.07622034813,81573.1452183958,55241.931001952325,177062.63690062947,-37452.3439467278,67.72073193212435,-37.69254638005861
Nicosia,2.18,1.0,50.05,109.16,138015.81103423034,81573.1452183958,56442.66581583454,180979.95187630717,-40112.94665086676,69.19270510499574,-40.9721890197148
Nicosia,2.23,1.0,50.05,111.53,139172.65303416943,81573.1452183958,57599.50781577363,184897.26685198478,-42816.84048810912,70.61087035636845,-44.43617811602355
Nicosia,2.28,1.0,50.05,113.89,140288.8703111835,81573.1452183958,58715.7250927877,188814.58182766248,-45561.40598574315,71.97923401823981,-48.09735625268607
Nicosia,2.32,1.0,50.05,116.25,141366.632384986,81573.1452183958,59793.4871665902,192731.8968033401,-48344.386722549265,73.30045569103054,-51.97078008413549
Nicosia,2.37,1.0,50.05,118.62,142407.25292057902,81573.1452183958,60834.10770218322,196649.21177901764,-51164.48324460268,74.57614578831311,-56.07510976080549
Nicosia,2.42,1.0,50.05,120.98,143412.91153078183,81573.1452183958,61839.766312386026,200566.52675469534,-54019.391822347854,75.80897628358255,-60.42875590818839
Nicosia,2.46,1.0,50.05,123.34,144385.19585360694,81573.1452183958,62812.05063521114,204483.84173037298,-56907.781453716205,77.00089345218261,-65.0542563976231
Nicosia,2.51,1.0,50.05,125.7,145325.7267846394,81573.1452183958,63752.58156624361,208401.15670605062,-59827.74918063079,78.15388433970372,-69.97563083623831
Nicosia,2.56,1.0,50.05,128.07,146236.82953634224,81573.1452183958,64663.684317946434,212318.47168172838,-62777.05022115428,79.27079940931827,-75.21832760194005
Nicosia,2.61,1.0,50.05,130.43,147120.42635186354,81573.1452183958,65547.28113346774,216235.78665740593,-65753.5447389806,80.35399512667802,-80.8111893138716
Nicosia,2.65,1.0,50.05,132.79,147978.9604697831,81573.1452183958,66405.8152513873,220153.10163308363,-68754.9619496182,81.40646664242135,-86.78552362150464
Nicosia,2.7,1.0,50.05,135.16,148813.4267572767,81573.1452183958,67240.2815388809,224070.4166087612,-71780.55624379545,82.42943355789271,-93.18172328945393
Nicosia,2.75,1.0,50.05,137.52,149624.82022066906,81573.1452183958,68051.67500227326,227987.73158443888,-74829.02533545412,83.42411564501833,-100.04442823328527
Nicosia,2.79,1.0,50.05,139.88,150414.6391666459,81573.1452183958,68841.4939482501,231905.04656011652,-77899.02777907705,84.39234966843654,-107.42380335557793
Nicosia,2.84,1.0,50.05,142.25,151183.76625041763,81573.1452183958,69610.62103202182,235822.36153579413,-80989.63927798523,85.33521766955693,-115.37950932817014
Paris,1.0,1.0,50.05,50.09,56465.03983226828,56465.03983226828,0.0,57636.99054169084,-69.43662968080298,0.0,-0.12312419007447935
Paris,1.05,1.0,50.05,52.46,59024.10477826311,56465.03983226828,2559.0649459948254,60355.716510638544,-193.3526956518986,4.532122803059438,-0.3286592280520046
Paris,1.1,1.0,50.05,54.82,61499.90115663487,56465.03983226828,5034.8613243665895,63074.44247958622,-401.29444038734977,8.91677636166175,-0.656798022008964
Paris,1.14,1.0,50.05,57.18,63889.67114193136,56465.03983226828,7424.6313096630765,65793.1684485339,-694.523106853984,13.149076546688443,-1.0990133395501804
Paris,1.19,1.0,50.05,59.54,66205.3989003767,56465.03983226828,9740.359068108424,68511.8944174816,-1061.3088123174657,17.250247404487027,-1.6291712891880596
Paris,1.24,1.0,50.05,61.91,68451.4115257529,56465.03983226828,11986.371693484623,71230.62038642926,-1497.4399607768235,21.227952249906547,-2.236521487487295
Paris,1.28,1.0,50.05,64.27,70635.8339072335,56465.03983226828,14170.794074965212,73949.34635537697,-1994.5549968457888,25.09658032131056,-2.905766076196967
Paris,1.33,1.0,50.05,66.63,72760.59146408776,56465.03983226828,16295.551631819479,76668.07232432463,-2551.2806107045617,28.859541550357683,-3.633820898815477
Paris,1.38,1.0,50.05,69.0,74828.47860775891,56465.03983226828,18363.438775490627,79386.79829327232,-3164.5552074409957,32.521784860224976,-4.41582745862747
Paris,1.43,1.0,50.05,71.36,76836.97584526647,56465.03983226828,20371.936012998187,82105.52426221994,-3837.509248265303,36.07884821035079,-5.25690039552008
Paris,1.47,1.0,50.05,73.72,78788.29305655338,56465.03983226828,22323.253224285094,84824.25023116771,-4567.197285446878,39.53464531433474,-6.153502906413355
Paris,1.52,1.0,50.05,76.08,80687.7094856457,56465.03983226828,24222.669653377416,87542.97620011539,-5348.577110042356,42.89852575209696,-7.09933462384066
Paris,1.57,1.0,50.05,78.45,82534.71627999369,56465.03983226828,26069.67644772541,90261.70216906305,-6182.583201768978,46.169588342036874,-8.097459694328073
Paris,1.61,1.0,50.05,80.81,84325.79026810991,56465.03983226828,27860.750435841626,92980.42813801071,-7072.79490661631,49.34159352158987,-9.155366563484362
Paris,1.66,1.0,50.05,83.17,86058.46211551463,56465.03983226828,29593.42228324635,95699.15410695839,-8021.296851191756,52.410168081267315,-10.278816284551716
Paris,1.71,1.0,50.05,85.54,87737.22114271346,56465.03983226828,31272.18131044518,98417.88007590608,-9023.623375721481,55.383262640636545,-11.46386854585559
Paris,1.76,1.0,50.05,87.9,89365.50816538611,56465.03983226828,32900.46833311783,101136.60604485376,-10076.29708541843,58.26697090952211,-12.70828268836716
Paris,1.8,1.0,50.05,90.26,90946.51418451067,56465.03983226828,34481.47435224239,103855.33201380148,-11175.789417949356,61.06694417407837,-14.009888277502625
Paris,1.85,1.0,50.05,92.62,92485.07888067457,56465.03983226828,36020.03904840629,106574.05798274913,-12317.744446118226,63.79175354414925,-15.365041800377774
Paris,1.9,1.0,50.05,94.99,93983.47506392175,56465.03983226828,37518.43523165347,109292.7839516968,-13499.585041085904,66.44542418300514,-16.77302754284819
Paris,1.95,1.0,50.05,97.35,95445.84653245851,56465.03983226828,38980.80670019023,112011.50992064444,-14717.23896787158,69.03529478768512,-18.230512592573895
Paris,1.99,1.0,50.05,99.71,96873.77892909138,56465.03983226828,40408.7390968231,114730.23588959216,-15969.263334977168,71.56417354323828,-19.738407946340793
Paris,2.04,1.0,50.05,102.08,98268.70231644974,56465.03983226828,41803.662484181456,117448.96185853986,-17254.24478431988,74.03459310107803,-21.297735379486983
Paris,2.09,1.0,50.05,104.44,99631.01644712764,56465.03983226828,43165.976614859355,120167.68782748758,-18571.677488461348,76.44726142598263,-22.911212609236063
Paris,2.13,1.0,50.05,106.8,100961.9889212337,56465.03983226828,44496.94908896542,122886.41379643526,-19920.581552726468,78.8044234470487,-24.58074483102773
Paris,2.18,1.0,50.05,109.16,102260.69695070082,56465.03983226828,45795.65711843254,125605.13976538292,-21301.74337262426,81.1044448998361,-26.311781997133803
Paris,2.23,1.0,50.05,111.53,103529.24355163876,56465.03983226828,47064.20371937048,128323.86573433057,-22712.834070117107,83.3510502413115,-28.104235533144177
Paris,2.28,1.0,50.05,113.89,104768.34777028479,56465.03983226828,48303.30793801651,131042.59170327826,-24153.50317709093,85.5455129076389,-29.961607318077192
Paris,2.32,1.0,50.05,116.25,105977.28131984254,56465.03983226828,49512.24148757426,133761.3176722259,-25624.402258000126,87.6865430975563,-31.889837124913317
Paris,2.37,1.0,50.05,118.62,107158.12561802483,56465.03983226828,50693.08578575655,136480.04364117363,-27123.144441402656,89.77782701711084,-33.88911203908072
Paris,2.42,1.0,50.05,120.98,108313.59615729487,56465.03983226828,51848.55632502659,139198.7696101213,-28647.11671343227,91.82417382338674,-35.95880841404397
Paris,2.46,1.0,50.05,123.34,109444.79419554518,56465.03983226828,52979.7543632769,141917.49557906896,-30195.37032960942,93.82753385219497,-38.10169065795376
Paris,2.51,1.0,50.05,125.7,110551.1739777205,56465.03983226828,54086.13414545221,144636.22154801665,-31768.452174694274,95.78694056732678,-40.324136368533004
Paris,2.56,1.0,50.05,128.07,111633.07898366248,56465.03983226828,55168.039151394194,147354.9475169645,-33366.03283642205,97.70300227410291,-42.63101072404338
Paris,2.61,1.0,50.05,130.43,112691.70616230898,56465.03983226828,56226.6663300407,150073.67348591192,-34986.7722847216,99.57783877787799,-45.025161902638104
Paris,2.65,1.0,50.05,132.79,113728.97149510024,56465.03983226828,57263.93166283196,152792.39945485975,-36628.71742144565,101.4148432958461,-47.507907543928326
Paris,2.7,1.0,50.05,135.16,114745.0853238684,56465.03983226828,58280.045491600125,155511.12542380745,-38291.86710116001,103.2143883449359,-50.08535675975825
Paris,2.75,1.0,50.05,137.52,115740.23731431356,56465.03983226828,59275.19748204528,158229.851392755,-39976.0100950052,104.9768098244944,-52.7637007096898
Paris,2.79,1.0,50.05,139.88,116715.51733139622,56465.03983226828,60250.477499127934,160948.57736170274,-41679.88824883265,106.7040378933663,-55.54679657975711
Paris,2.84,1.0,50.05,142.25,117671.5295973775,56465.03983226828,61206.489765109225,163667.30333065038,-43403.02646064891,108.3971426336112,-58.440691043340095
Prague,1.0,1.0,50.05,50.09,54683.03416009403,54683.03416009403,0.0,55731.20287418611,-0.0,0.0,-0.0
Prague,1.05,1.0,50.05,52.46,57270.718969593036,54683.03416009403,2587.6848094990055,58360.03319844018,-0.9775939241686681,4.732152941482931,-0.0017069990202260637
Prague,1.1,1.0,50.05,54.82,59838.24450902696,54683.03416009403,5155.210348932931,60988.86352269422,-23.55239902566998,9.427440207213378,-0.03937560855843963
Prague,1.14,1.0,50.05,57.18,62353.37112971472,54683.03416009403,7670.336969620686,63617.6938469483,-100.06690911705677,14.026904482228344,-0.16074152267077219
Prague,1.19,1.0,50.05,59.54,64808.0901329472,54683.03416009403,10125.055972853173,66246.52417120237,-237.4463393342222,18.51590009290692,-0.36773110098324474
Prague,1.24,1.0,50.05,61.91,67190.99960004252,54683.03416009403,12507.965439948486,68875.35449545644,-447.24572670661047,22.87357611380754,-0.6700937552229661
Prague,1.28,1.0,50.05,64.27,69495.55174956826,54683.03416009403,14812.517589474228,71504.18481971047,-735.4834646434808,27.0879584810675,-1.0696374843547545
Prague,1.33,1.0,50.05,66.63,71724.77860205573,54683.03416009403,17041.744441961695,74133.01514396453,-1099.5974760176834,31.16459191358885,-1.5569481854571623
Prague,1.38,1.0,50.05,69.0,73875.47226495885,54683.03416009403,19192.43810486482,76761.8454682186,-1541.9778432609444,35.097610071664356,-2.131761856093042
Prague,1.43,1.0,50.05,71.36,75956.61912729805,54683.03416009403,21273.58496720402,79390.67579247261,-2053.692001351651,38.90344655148784,-2.7789048163839576
Prague,1.47,1.0,50.05,73.72,77970.08332659694,54683.03416009403,23287.04916650291,82019.50611672671,-2632.4066135418807,42.58551034005548,-3.494143605686367
Prague,1.52,1.0,50.05,76.08,79925.57956465865,54683.03416009403,25242.54540456462,84648.33644098083,-3268.8944344673228,46.161566914269436,-4.264330539359397
Prague,1.57,1.0,50.05,78.45,81822.00408828653,54683.03416009403,27138.9699281925,87277.16676523486,-3964.971513264892,49.62959781774083,-5.092631175538724
Prague,1.61,1.0,50.05,80.81,83659.06138037032,54683.03416009403,28976.027220276286,89905.9970894889,-4720.18888315316,52.98906263219404,-5.979549408080994
Prague,1.66,1.0,50.05,83.17,85436.45269397576,54683.03416009403,30753.418533881733,92534.82741374297,-5535.413781066739,56.23941503290726,-6.9278370549102135
Prague,1.71,1.0,50.05,85.54,87155.75954073356,54683.03416009403,32472.72538063953,95163.65773799704,-6408.550382547852,59.38354716303784,-7.936559602937296
Prague,1.76,1.0,50.05,87.9,88818.94222992669,54683.03416009403,34135.90806983266,97792.48806225111,-7337.8688834790055,62.42504388087517,-9.005611465474042
Prague,1.8,1.0,50.05,90.26,90432.10694606931,54683.03416009403,35749.07278597528,100421.31838650521,-8316.569424564774,65.37507169282833,-10.127887700164928
Prague,1.85,1.0,50.05,92.62,92001.09324258861,54683.03416009403,37318.05908249458,103050.14871075925,-9339.164238016912,68.24430951150136,-11.298023588949151
Prague,1.9,1.0,50.05,94.99,93527.63308296724,54683.03416009403,38844.59892287321,105678.9790350133,-10404.111703496537,71.0359246144772,-12.51644724722415
Prague,1.95,1.0,50.05,97.35,95014.9797431839,54683.03416009403,40331.945583089866,108307.80935926735,-11508.020549473682,73.75586633508874,-13.780911986962247
Prague,1.99,1.0,50.05,99.71,96465.64679894867,54683.03416009403,41782.61263885464,110936.6396835214,-12648.533473483678,76.40873130142856,-15.090633608877638
Prague,2.04,1.0,50.05,102.08,97880.28000354888,54683.03416009403,43197.245843454846,113565.47000777542,-13824.96198812055,78.99570041594153,-16.44745664466225
Prague,2.09,1.0,50.05,104.44,99261.52328869949,54683.03416009403,44578.48912860546,116194.30033202955,-15034.68958279679,81.52160869145307,-17.850237176543825
Prague,2.13,1.0,50.05,106.8,100609.41980680004,54683.03416009403,45926.38564670601,118823.1306562836,-16277.829122304356,83.98653504165219,-19.302172519434077
Prague,2.18,1.0,50.05,109.16,101924.76698228583,54683.03416009403,47241.7328221918,121451.96098053765,-17553.37180454847,86.39193773316137,-20.804885076951045
Prague,2.23,1.0,50.05,111.53,103209.35193181656,54683.03416009403,48526.31777172253,124080.79130479175,-18859.67067315984,88.74108490332368,-22.35891160670425
Prague,2.28,1.0,50.05,113.89,104462.29769837676,54683.03416009403,49779.26353828273,126709.62162904578,-20197.962486247707,91.03237284263585,-23.96976423702967
Prague,2.32,1.0,50.05,116.25,105683.46038263572,54683.03416009403,51000.42622254169,129338.45195329984,-21567.896019304273,93.26553839940397,-25.640790955337607
Prague,2.37,1.0,50.05,118.62,106873.88731378433,54683.03416009403,52190.8531536903,131967.2822775539,-22968.613144840238,95.442496846266,-27.374456936512363
Prague,2.42,1.0,50.05,120.98,108036.00107333553,54683.03416009403,53352.9669132415,134596.11260180795,-24397.326846771288,97.5676784083368,-29.1699110159048
Prague,2.46,1.0,50.05,123.34,109171.60311552494,54683.03416009403,54488.56895543091,137224.94292606198,-25852.444869963885,99.64437744238224,-31.028211775460672
Prague,2.51,1.0,50.05,125.7,110281.92760022222,54683.03416009403,55598.89344012819,139853.77325031612,-27332.78874218957,101.67485088218189,-32.95126280812825
Prague,2.56,1.0,50.05,128.07,111367.954679723,54683.03416009403,56684.92051962897,142482.60357457015,-28837.491502298715,103.66089115259054,-34.941632934137026
Prague,2.61,1.0,50.05,130.43,112429.01357957527,54683.03416009403,57745.97941948124,145111.43389882418,-30367.278630587523,105.60127159443991,-37.00540653870505
Prague,2.65,1.0,50.05,132.79,113465.33057957455,54683.03416009403,58782.296419480524,147740.26422307824,-31921.79362525604,107.49640601029049,-39.14693281349684
Prague,2.7,1.0,50.05,135.16,114477.39945382878,54683.03416009403,59794.36529373475,150369.09454733235,-33500.49040045608,109.34719737510616,-41.37042373199941
Prague,2.75,1.0,50.05,137.52,115466.79742169296,54683.03416009403,60783.76326159893,152997.92487158647,-35101.76899060397,111.1565299826706,-43.677915227396284
Prague,2.79,1.0,50.05,139.88,116434.91670562593,54683.03416009403,61751.8825455319,155626.75519584044,-36724.259472199345,112.9269498191022,-46.071956682850015
Prague,2.84,1.0,50.05,142.25,117381.8587235566,54683.03416009403,62698.824563462564,158255.58552009446,-38368.07939797086,114.65864234947335,-48.558719410029234
Riga,1.0,1.0,50.05,50.09,49033.639061742484,49033.639061742484,0.0,50023.64763503682,-0.7487959444314792,0.0,-0.0015271299333414728
Riga,1.05,1.0,50.05,52.46,51348.89665199505,49033.639061742484,2315.257590252564,52383.25365555741,-10.529983009875625,4.721773938371622,-0.020510942776520116
Riga,1.1,1.0,50.05,54.82,53645.485661776765,49033.639061742484,4611.846600034281,54742.859676078,-39.5940545821969,9.405474870480463,-0.07386138611839241
Riga,1.14,1.0,50.05,57.18,55888.07647934181,49033.639061742484,6854.437417599329,57102.465696598614,-124.9544242902025,13.979051012241445,-0.2240807538839781
Riga,1.19,1.0,50.05,59.54,58058.58647464133,49033.639061742484,9024.947412898844,59462.071717119215,-282.3177718433743,18.4056243542005,-0.4886396753927143
Riga,1.24,1.0,50.05,61.91,60164.52441293568,49033.639061742484,11130.885351193196,61821.67773763983,-503.6677174777065,22.70050839420125,-0.8442180440832509
Riga,1.28,1.0,50.05,64.27,62208.37822169127,49033.639061742484,13174.73915994879,64181.28375816041,-787.368482113205,26.868777051932323,-1.2819204461984701
Riga,1.33,1.0,50.05,66.63,64186.932553075436,49033.639061742484,15153.293491332952,66540.88977868103,-1136.4600818219224,30.903872894793988,-1.8024608496630483
Riga,1.38,1.0,50.05,69.0,66102.2213018364,49033.639061742484,17068.582240093914,68900.49579920164,-1548.9046746238569,34.809943880774156,-2.399419201911175
Riga,1.43,1.0,50.05,71.36,67956.14757693713,49033.639061742484,18922.508515194648,71260.10181972223,-2022.1451611479667,38.590871241205825,-3.0669231156270977
Riga,1.47,1.0,50.05,73.72,69755.19970148956,49033.639061742484,20721.560639747076,73619.70784024283,-2550.3835274397384,42.259887367639124,-3.7949416018558098
Riga,1.52,1.0,50.05,76.08,71492.9127313092,49033.639061742484,22459.27366956672,75979.31386076343,-3140.8167199928353,45.80380754788832,-4.595055460293188
Riga,1.57,1.0,50.05,78.45,73167.66607164004,49033.639061742484,24134.027009897552,78338.91988128406,-3793.5423241859803,49.21932671468319,-5.468238183441126
Riga,1.61,1.0,50.05,80.81,74789.70727706053,49033.639061742484,25756.068215318046,80698.52590180465,-4498.7705499799795,52.527343897291324,-6.400214251586103
Riga,1.66,1.0,50.05,83.17,76360.05074184244,49033.639061742484,27326.411680099955,83058.13192232528,-5255.778011612544,55.72992786786825,-7.391648644734759
Riga,1.71,1.0,50.05,85.54,77881.69538266747,49033.639061742484,28848.05632092499,85417.73794284585,-6061.133533879155,58.83319466580874,-8.439273347151365
Riga,1.76,1.0,50.05,87.9,79358.62820938895,49033.639061742484,30324.98914764646,87777.34396336644,-6911.112578039987,61.84527546377223,-9.539474912027849
Riga,1.8,1.0,50.05,90.26,80791.73111662365,49033.639061742484,31758.092054881163,90136.94998388698,-7804.983894050537,64.76796881196562,-10.693700145656905
Riga,1.85,1.0,50.05,92.62,82182.82511411117,49033.639061742484,33149.186052368685,92496.55600440771,-8740.783257048724,67.60498850723212,-11.901607085027116
Riga,1.9,1.0,50.05,94.99,83535.1767510328,49033.639061742484,34501.53768929032,94856.1620249283,-9714.967071595487,70.36299640303356,-13.16030815109104
Riga,1.95,1.0,50.05,97.35,84851.92373293909,49033.639061742484,35818.284671196605,97215.7680454489,-10724.781849518224,73.04839158703827,-14.468090333747115
Riga,1.99,1.0,50.05,99.71,86134.45412876211,49033.639061742484,37100.81506701963,99575.37406596947,-11768.528325939471,75.664004909574,-15.825162127535544
Riga,2.04,1.0,50.05,102.08,87385.80963204392,49033.639061742484,38352.17057030144,101934.98008649005,-12843.682362742491,78.21603964985938,-17.23009905035523
Riga,2.09,1.0,50.05,104.44,88603.86651245055,49033.639061742484,39570.227450708066,104294.58610701066,-13952.203226686242,80.70016463775364,-18.689741946241213
Riga,2.13,1.0,50.05,106.8,89789.81280826314,49033.639061742484,40756.17374652066,106654.19212753126,-15092.643001497174,83.11880277782574,-20.20510688763753
Riga,2.18,1.0,50.05,109.16,90945.8296143352,49033.639061742484,41912.19055259272,109013.79814805188,-16263.096069589079,85.4764022303494,-21.776246392809192
Riga,2.23,1.0,50.05,111.53,92073.32023338469,49033.639061742484,43039.6811716422,111373.40416857251,-17461.763706336173,87.77582491368267,-23.40356443308599
Riga,2.28,1.0,50.05,113.89,93175.6541741791,49033.639061742484,44142.01511243662,113733.0101890931,-18685.482291829834,90.02394265874005,-25.084493456857537
Riga,2.32,1.0,50.05,116.25,94253.77436238491,49033.639061742484,45220.135300642425,116092.6162096137,-19933.439124138342,92.22267848344246,-26.820975793823166
Riga,2.37,1.0,50.05,118.62,95306.20300057247,49033.639061742484,46272.56393882998,118452.2222301343,-21207.227803734284,94.3690185437067,-28.620136442371745
Riga,2.42,1.0,50.05,120.98,96335.0006325539,49033.639061742484,47301.361570811416,120811.82825065489,-22504.44336491235,96.46716514605451,-30.48120479889104
Riga,2.46,1.0,50.05,123.34,97341.24967259349,49033.639061742484,48307.61061085101,123171.43427117549,-23824.19520284719,98.51932578371907,-32.40635166177844
Riga,2.51,1.0,50.05,125.7,98325.13412200597,49033.639061742484,49291.495060263485,125531.0402916961,-25166.438745327523,100.52587571197054,-34.399791597910436
Riga,2.56,1.0,50.05,128.07,99286.93972087669,49033.639061742484,50253.300659134205,127890.64631221672,-26530.604795663992,102.48739767378052,-36.46500998563931
Riga,2.61,1.0,50.05,130.43,100228.9746810737,49033.639061742484,51195.335619331214,130250.25233273735,-27914.45990555814,104.40859907392708,-38.60146195022177
Riga,2.65,1.0,50.05,132.79,101152.31033653762,49033.639061742484,52118.67127479513,132609.85835325794,-29316.90610304995,106.29166480825137,-40.811221730945896
Riga,2.7,1.0,50.05,135.16,102057.64552781527,49033.639061742484,53024.00646607279,134969.4643737785,-30737.329255847653,108.13802010351645,-43.09757844964708
Riga,2.75,1.0,50.05,137.52,102946.2974389362,49033.639061742484,53912.65837719372,137329.07039429914,-32174.253823652176,109.95035124622842,-45.46181257468137
Riga,2.79,1.0,50.05,139.88,103818.94273276586,49033.639061742484,54785.30367102338,139688.67641481975,-33627.183227243884,111.73003823362666,-47.90759408816136
Riga,2.84,1.0,50.05,142.25,104676.2358891656,49033.639061742484,55642.59682742312,142048.2824353403,-35095.43034937836,113.47841582257179,-50.43837891372257
Rome,1.0,1.0,50.05,50.09,75143.92798041423,75143.92798041423,0.0,76510.5407589328,-2.082054977428533,0.0,-0.002770832885173668
Rome,1.05,1.0,50.05,52.46,78656.49109012954,75143.92798041423,3512.563109715309,80119.52853058056,-41.566755349882456,4.674447030012638,-0.05287387312474091
Rome,1.1,1.0,50.05,54.82,82066.2415847823,75143.92798041423,6922.3136043680715,83728.51630222837,-188.12905257174086,9.21207313806157,-0.22976720732018774
Rome,1.14,1.0,50.05,57.18,85316.44168329333,75143.92798041423,10172.513702879107,87337.50407387615,-501.02729590725716,13.537372847384962,-0.5907266969407992
Rome,1.19,1.0,50.05,59.54,88364.83626193799,75143.92798041423,13220.908281523763,90946.49184552387,-1015.4781902798172,17.5941139049448,-1.162547971384926
Rome,1.24,1.0,50.05,61.91,91240.23325690828,75143.92798041423,16096.305276494051,94555.47961717164,-1702.1829265085094,21.42063332208219,-1.9010721366250118
Rome,1.28,1.0,50.05,64.27,93961.2902416675,75143.92798041423,18817.362261253278,98164.46738881944,-2541.656258694689,25.041760215353527,-2.780208307515298
Rome,1.33,1.0,50.05,66.63,96550.26475335115,75143.92798041423,21406.33677293692,101773.4551604672,-3512.580465338145,28.487114459223296,-3.775438406726023
Rome,1.38,1.0,50.05,69.0,99020.75014980878,75143.92798041423,23876.822169394552,105382.44293211497,-4600.980699140522,31.774785815851804,-4.872899739015364
Rome,1.43,1.0,50.05,71.36,101389.41440207491,75143.92798041423,26245.48642166068,108991.43070376276,-5790.297037189457,34.92695567964107,-6.056851984405761
Rome,1.47,1.0,50.05,73.72,103666.79692072888,75143.92798041423,28522.868940314656,112600.41847541051,-7070.245735225856,37.95764968228565,-7.319356279758092
Rome,1.52,1.0,50.05,76.08,105857.40049931091,75143.92798041423,30713.472518896684,116209.40624705826,-8437.653409562456,40.872860049187146,-8.661132533827278
Rome,1.57,1.0,50.05,78.45,107960.19762661013,75143.92798041423,32816.2696461959,119818.39401870604,-9892.640938506938,43.67121938947515,-10.087577658297098
Rome,1.61,1.0,50.05,80.81,109982.58682867698,75143.92798041423,34838.658848262756,123427.38179035384,-11427.461150956513,46.36257351005556,-11.594994245479231
Rome,1.66,1.0,50.05,83.17,111931.37302234993,75143.92798041423,36787.4450419357,127036.3695620017,-13035.898302107338,48.95597825485528,-13.181491204712387
Rome,1.71,1.0,50.05,85.54,113806.82471234075,75143.92798041423,38662.89673192652,130645.35733364944,-14717.944146028452,51.45179094444431,-14.85327522312547
Rome,1.76,1.0,50.05,87.9,115607.58625856432,75143.92798041423,40463.65827815009,134254.3451052972,-16474.863120769533,53.848207520768256,-16.618995826301898
Rome,1.8,1.0,50.05,90.26,117340.34558155104,75143.92798041423,42196.41760113681,137863.33287694497,-18299.427715963295,56.15412813146396,-18.476633809874578
Rome,1.85,1.0,50.05,92.62,119006.04855752156,75143.92798041423,43862.12057710733,141472.32064859272,-20191.04411285274,58.370811529229215,-20.43317634434623
Rome,1.9,1.0,50.05,94.99,120609.0848263044,75143.92798041423,45465.156845890175,145081.30842024053,-22145.24458670154,60.504099356824106,-22.49073825763152
Rome,1.95,1.0,50.05,97.35,122153.7299603067,75143.92798041423,47009.801979892465,148690.29619188822,-24157.5506057519,62.559681458421046,-24.651522911264472
Rome,1.99,1.0,50.05,99.71,123643.03799714893,75143.92798041423,48499.1100167347,152299.28396353603,-26225.2839393736,64.5416220847221,-26.92043580046018
Rome,2.04,1.0,50.05,102.08,125079.62165672934,75143.92798041423,49935.69367631512,155908.27173518375,-28345.457902976184,66.45339818984513,-29.30242719121704
Rome,2.09,1.0,50.05,104.44,126468.84061672306,75143.92798041423,51324.91263630883,159517.25950683161,-30512.671508979227,68.30214232304482,-31.79855114340616
Rome,2.13,1.0,50.05,106.8,127811.17506726348,75143.92798041423,52667.24708684925,163126.24727847942,-32727.18179860236,70.08849351151383,-34.4192336412831
Rome,2.18,1.0,50.05,109.16,129106.08590133708,75143.92798041423,53962.15792092285,166735.23505012717,-34989.37003731536,71.81173432268237,-37.17657348761237
Rome,2.23,1.0,50.05,111.53,130349.98613429298,75143.92798041423,55206.05815387875,170344.22282177486,-37303.08747825726,73.46709127085805,-40.09062958256643
Rome,2.28,1.0,50.05,113.89,131546.5448685267,75143.92798041423,56402.61688811246,173953.21059342273,-39663.68633840144,75.05944712234557,-43.16766693256183
Rome,2.32,1.0,50.05,116.25,132701.6694381686,75143.92798041423,57557.74145775438,177562.19836507042,-42065.262166301436,76.59666323639141,-46.41099910340131
Rome,2.37,1.0,50.05,118.62,133818.36481140123,75143.92798041423,58674.436830987004,181171.18613671832,-44505.34731709843,78.0827385630947,-49.830750954011144
Rome,2.42,1.0,50.05,120.98,134897.06511319,75143.92798041423,59753.13713277578,184780.17390836604,-46983.56301423558,79.51825082706621,-53.442943225434725
Rome,2.46,1.0,50.05,123.34,135941.10664885715,75143.92798041423,60797.178668442924,188389.16168001373,-49496.03145074876,80.90763991508311,-57.257202145197326
Rome,2.51,1.0,50.05,125.7,136953.11109281593,75143.92798041423,61809.183112401704,191998.14945166153,-52040.45779511889,82.25439469774838,-61.2870470702042
Rome,2.56,1.0,50.05,128.07,137934.61944732067,75143.92798041423,62790.69146690644,195607.13722330928,-54615.407055329284,83.560565909294,-65.5495959303846
Rome,2.61,1.0,50.05,130.43,138886.5127283718,75143.92798041423,63742.584747957575,199216.12499495718,-57219.88882618205,84.82732598776532,-70.06520668065451
Rome,2.65,1.0,50.05,132.79,139810.555465649,75143.92798041423,64666.62748523477,202825.11276660487,-59852.2273235545,86.05702313311289,-74.85427561365552
Rome,2.7,1.0,50.05,135.16,140708.49192788213,75143.92798041423,65564.5639474679,206434.1005382526,-62510.478185648775,87.25197858243034,-79.93870329200954
Rome,2.75,1.0,50.05,137.52,141582.2944572729,75143.92798041423,66438.36647685866,210043.08830990043,-65192.700325386875,88.41481708831536,-85.34238343095815
Rome,2.79,1.0,50.05,139.88,142432.29459271865,75143.92798041423,67288.36661230442,213652.0760815482,-67898.88736006783,89.54597985594084,-91.09859575871288
Rome,2.84,1.0,50.05,142.25,143259.28616626462,75143.92798041423,68115.35818585039,217261.06385319598,-70628.1314890157,90.64652330073059,-97.24219834156008
Sofia,1.0,1.0,50.05,50.09,65563.73788558946,65563.73788558946,0.0,66764.46500971969,-0.0,0.0,-0.0
Sofia,1.05,1.0,50.05,52.46,68659.83353655448,65563.73788558946,3096.095650965013,69913.73222715926,-0.0,4.722268361770016,-0.0
Sofia,1.1,1.0,50.05,54.82,71749.74949464345,65563.73788558946,6186.011609053981,73062.99944459887,-6.182438167585361,9.435111249832556,-0.008617411178787088
Sofia,1.14,1.0,50.05,57.18,74806.16181972667,65563.73788558946,9242.423934137201,76212.26666203846,-48.44348891072154,14.096853279270755,-0.06480065201609103
Sofia,1.19,1.0,50.05,59.54,77760.41204962552,65563.73788558946,12196.674164036056,79361.5338794781,-201.93897431012786,18.602774273363714,-0.260369971587797
Sofia,1.24,1.0,50.05,61.91,80556.19126585827,65563.73788558946,14992.45338026881,82510.8010969177,-514.8088317229816,22.866989991374584,-0.6431783360895962
Sofia,1.28,1.0,50.05,64.27,83214.6991926628,65563.73788558946,17650.961307073332,85660.0683143573,-964.2365943272803,26.92183495985959,-1.1723175333810139
Sofia,1.33,1.0,50.05,66.63,85745.91415218449,65563.73788558946,20182.176266595023,88809.3355317969,-1540.1500316609101,30.782528448596814,-1.829031596288938
Sofia,1.38,1.0,50.05,69.0,88162.4912147758,65563.73788558946,22598.753329186336,91958.60274923654,-2230.3406975210687,34.46837239301668,-2.595467102936319
Sofia,1.43,1.0,50.05,71.36,90472.6329681256,65563.73788558946,24908.89508253614,95107.86996667612,-3026.4170372384533,37.99187765347188,-3.4608896508802314
Sofia,1.47,1.0,50.05,73.72,92687.23333999593,65563.73788558946,27123.495454406468,98257.1371841157,-3917.8353067358935,41.36966001196838,-4.413497661962248
Sofia,1.52,1.0,50.05,76.08,94807.28843227982,65563.73788558946,29243.550546690356,101406.40440155532,-4904.163499430111,44.60323875633991,-5.454942198163992
Sofia,1.57,1.0,50.05,78.45,96837.03015669764,65563.73788558946,31273.292271108177,104555.67161899495,-5980.542427232774,47.69906853950416,-6.582405479992241
Sofia,1.61,1.0,50.05,80.81,98778.8594856803,65563.73788558946,33215.12160009083,107704.9388364346,-7145.033519427002,50.66081140470078,-7.797375525996654
Sofia,1.66,1.0,50.05,83.17,100640.74901128733,65563.73788558946,35077.01112569787,110854.2060538742,-8388.739451398582,53.50062741527676,-9.093286413400811
Sofia,1.71,1.0,50.05,85.54,102434.64644433957,65563.73788558946,36870.9085587501,114003.47327131378,-9699.298425657636,56.23673961830983,-10.459116866314742
Sofia,1.76,1.0,50.05,87.9,104168.78643095748,65563.73788558946,38605.048545368016,117152.74048875338,-11069.668942869986,58.881707770741954,-11.89019750298536
Sofia,1.8,1.0,50.05,90.26,105840.89408929508,65563.73788558946,40277.156203705614,120302.00770619298,-12502.4238923571,61.432062146899504,-13.394716954303851
Sofia,1.85,1.0,50.05,92.62,107453.05575337974,65563.73788558946,41889.317867790276,123451.27492363255,-13994.96284100445,63.89098489303385,-14.974586367951984
Sofia,1.9,1.0,50.05,94.99,109008.5710994908,65563.73788558946,43444.83321390134,126600.54214107225,-15544.174557151498,66.26350878547188,-16.631118513786156
Sofia,1.95,1.0,50.05,97.35,110511.51364120953,65563.73788558946,44947.77575562007,129749.8093585118,-17145.466050327308,68.55584688300593,-18.36370553614574
Sofia,1.99,1.0,50.05,99.71,111967.13447036101,65563.73788558946,46403.396584771544,132899.07657595136,-18793.837777678287,70.77600832604564,-20.17084126546125
Sofia,2.04,1.0,50.05,102.08,113378.94261626875,65563.73788558946,47815.20473067928,136048.34379339105,-20485.80167942492,72.92934520316419,-22.05308322317662
Sofia,2.09,1.0,50.05,104.44,114747.78450394394,65563.73788558946,49184.04661835448,139197.61101083065,-22220.95623553152,75.01714851002241,-24.01568999109148
Sofia,2.13,1.0,50.05,106.8,116074.73983945571,65563.73788558946,50511.001953866245,142346.87822827027,-23997.80754056216,77.04106505033216,-26.062779179764807
Sofia,2.18,1.0,50.05,109.16,117362.31009694398,65563.73788558946,51798.57221135452,145496.14544570987,-25814.035714473754,79.00491015589206,-28.197184369230072
Sofia,2.23,1.0,50.05,111.53,118611.74642971663,65563.73788558946,53048.008544127166,148645.41266314947,-27668.460692045155,80.91059212746138,-30.42386303465615
Sofia,2.28,1.0,50.05,113.89,119823.91665287838,65563.73788558946,54260.17876728892,151794.67988058907,-29560.216272172274,82.75943458558514,-32.7487308270056
Sofia,2.32,1.0,50.05,116.25,121001.42977765111,65563.73788558946,55437.691892061644,154943.9470980287,-31486.222795529324,84.55541688120643,-35.17416074546734
Sofia,2.37,1.0,50.05,118.62,122145.04228869536,65563.73788558946,56581.304403105896,158093.21431546818,-33446.50841202503,86.29969282996316,-37.708073572591715
Sofia,2.42,1.0,50.05,120.98,123255.61080346347,65563.73788558946,57691.872917874,161242.48153290787,-35439.57039244231,87.99356897336745,-40.35660253704008
Sofia,2.46,1.0,50.05,123.34,124335.99496900555,65563.73788558946,58772.25708341609,164391.74875034747,-37462.75821378933,89.6414069404879,-43.12347463160444
Sofia,2.51,1.0,50.05,125.7,125387.72986296723,65563.73788558946,59823.991977377766,167541.0159677871,-39514.38202229458,91.24554808295446,-46.014721698761086
Sofia,2.56,1.0,50.05,128.07,126412.63122297279,65563.73788558946,60848.89333738333,170690.2831852267,-41592.86381214576,92.80876182435836,-49.036757682545286
Sofia,2.61,1.0,50.05,130.43,127411.27216665274,65563.73788558946,61847.53428106327,173839.5504026663,-43697.56858489235,94.3319223028268,-52.198823747194986
Sofia,2.65,1.0,50.05,132.79,128385.43893631992,65563.73788558946,62821.70105073045,176988.81762010595,-45826.58470645148,95.81775395471817,-55.50777700821359
Sofia,2.7,1.0,50.05,135.16,129335.84887029543,65563.73788558946,63772.11098470597,180138.08483754552,-47979.48719425534,97.2673508883677,-58.974475020538634
Sofia,2.75,1.0,50.05,137.52,130262.85858245629,65563.73788558946,64699.12069686683,183287.35205498518,-50155.68375588071,98.68125702315598,-62.610726023559046
Sofia,2.79,1.0,50.05,139.88,131167.86704837964,65563.73788558946,65604.12916279018,186436.6192724247,-52353.862013656726,100.06160612329822,-66.4271051707007
Sofia,2.84,1.0,50.05,142.25,132051.51377803177,65563.73788558946,66487.77589244231,189585.88648986444,-54573.41843353146,101.40937359072682,-70.4372225348016
Stockholm,1.0,1.0,50.05,50.09,49457.42298927352,49457.42298927352,0.0,50456.888798597996,-0.002549890433002015,0.0,-5.155728726546219e-06
Stockholm,1.05,1.0,50.05,52.46,51799.138531254066,49457.42298927352,2341.7155419805495,52836.93072306016,-3.6591109617019657,4.734811076768857,-0.007064537296798153
Stockholm,1.1,1.0,50.05,54.82,54101.45064505223,49457.42298927352,4644.027655778715,55216.972647522336,-48.848795144420585,9.389950739620879,-0.09037269894992833
Stockholm,1.14,1.0,50.05,57.18,56320.18713546902,49457.42298927352,6862.764146195506,57597.01457198453,-180.10065534114213,13.876105408249687,-0.3208058031846692
Stockholm,1.19,1.0,50.05,59.54,58446.59556079611,49457.42298927352,8989.172571522591,59977.05649644668,-402.6453425471033,18.175578160374815,-0.693690455306937
Stockholm,1.24,1.0,50.05,61.91,60496.89652798196,49457.42298927352,11039.473538708444,62357.09842090886,-700.9962704773121,22.32116610908482,-1.1723149370751953
Stockholm,1.28,1.0,50.05,64.27,62480.98422178541,49457.42298927352,13023.561232511893,64737.140345371045,-1064.962033049908,26.332874713946346,-1.7340133650746856
Stockholm,1.33,1.0,50.05,66.63,64404.53607883642,49457.42298927352,14947.113089562903,67117.18226983321,-1489.0462107848532,30.222183417855558,-2.3667402318693376
Stockholm,1.38,1.0,50.05,69.0,66272.36414886212,49457.42298927352,16814.941159588605,69497.22419429537,-1968.7768332869646,33.99882190229661,-3.0616905144421103
Stockholm,1.43,1.0,50.05,71.36,68086.92931833075,49457.42298927352,18629.50632905723,71877.26611875756,-2501.7355482063344,37.667765934949045,-3.814482209162784
Stockholm,1.47,1.0,50.05,73.72,69842.69520723844,49457.42298927352,20385.272217964928,74257.3080432197,-3093.8630136119855,41.217821281117196,-4.635081861263491
Stockholm,1.52,1.0,50.05,76.08,71542.40087486876,49457.42298927352,22084.977885595246,76637.3499676819,-3741.813141337771,44.65452615754991,-5.518850597643485
Stockholm,1.57,1.0,50.05,78.45,73190.63325955902,49457.42298927352,23733.210270285505,79017.39189214402,-4441.066467089286,47.98715508374312,-6.459773747368142
Stockholm,1.61,1.0,50.05,80.81,74788.21657812854,49457.42298927352,25330.793588855027,81397.43381660621,-5191.025133806382,51.21737457762174,-7.458670423445475
Stockholm,1.66,1.0,50.05,83.17,76335.7610493266,49457.42298927352,26878.33806005308,83777.47574106838,-5991.104297177555,54.34641846560129,-8.516786595869666
Stockholm,1.71,1.0,50.05,85.54,77832.70234930696,49457.42298927352,28375.27936003344,86157.51766553057,-6841.726730385594,57.37314571806048,-9.637459790821715
Stockholm,1.76,1.0,50.05,87.9,79285.53103926654,49457.42298927352,29828.108049993025,88537.55958999273,-7736.096984302095,60.31067986793861,-10.812240636815112
Stockholm,1.8,1.0,50.05,90.26,80697.4314966119,49457.42298927352,31240.00850733838,90917.6015144549,-8671.214150255815,63.16545953903383,-12.03896923887883
Stockholm,1.85,1.0,50.05,92.62,82071.65533516367,49457.42298927352,32614.232345890152,93297.64343891706,-9644.006732465163,65.94405930321851,-13.315366325596612
Stockholm,1.9,1.0,50.05,94.99,83409.23259392328,49457.42298927352,33951.80960464977,95677.68536337925,-10653.346996572713,68.64856183876249,-14.642591330041698
Stockholm,1.95,1.0,50.05,97.35,84710.99626316279,49457.42298927352,35253.57327388927,98057.72728784141,-11698.485948937505,71.28065140299601,-16.022577361866503
Stockholm,1.99,1.0,50.05,99.71,85979.62921621605,49457.42298927352,36522.20622694254,100437.7692123036,-12776.479185695127,73.8457526079828,-17.453455459728403
Stockholm,2.04,1.0,50.05,102.08,87218.67822923888,49457.42298927352,37761.255239965365,102817.8111367658,-13883.9051184477,76.35103682647426,-18.93222618616746
Stockholm,2.09,1.0,50.05,104.44,88429.74585827782,49457.42298927352,38972.3228690043,105197.85306122791,-15019.36143312271,78.7997443325277,-20.459450731300237
Stockholm,2.13,1.0,50.05,106.8,89613.36296371366,49457.42298927352,40155.939974440145,107577.89498569009,-16182.070794842468,81.19294849460574,-22.0370230686235
Stockholm,2.18,1.0,50.05,109.16,90771.70680456785,49457.42298927352,41314.28381529433,109957.93691015223,-17369.995302039217,83.53505160237464,-23.664291944256412
Stockholm,2.23,1.0,50.05,111.53,91906.84146504097,49457.42298927352,42449.41847576745,112337.97883461446,-18580.827964436307,85.83022711267027,-25.34002201590174
Stockholm,2.28,1.0,50.05,113.89,93020.30068846357,49457.42298927352,43562.87769919005,114718.0207590766,-19813.383116465262,88.08157616428602,-27.06490557668814
Stockholm,2.32,1.0,50.05,116.25,94112.49856880213,49457.42298927352,44655.07557952861,117098.0626835388,-21067.13219542405,90.28993603086344,-28.841161652523546
Stockholm,2.37,1.0,50.05,118.62,95183.23853574855,49457.42298927352,45725.81554647503,119478.10460800094,-22342.34172132148,92.45490925880266,-30.672798796316165
Stockholm,2.42,1.0,50.05,120.98,96233.17856596458,49457.42298927352,46775.75557669107,121858.14653246307,-23638.300983813402,94.57782623820886,-32.56194069211479
Stockholm,2.46,1.0,50.05,123.34,97262.52827914731,49457.42298927352,47805.1052898738,124238.18845692527,-24954.95122957041,96.65911080777889,-34.51222160640277
Stockholm,2.51,1.0,50.05,125.7,98271.89712359845,49457.42298927352,48814.47413432493,126618.23038138745,-26291.35727846593,98.6999952361286,-36.525646146906205
Stockholm,2.56,1.0,50.05,128.07,99262.45190513715,49457.42298927352,49805.02891586363,128998.27230584963,-27646.56900158694,100.70283873598814,-38.60396308849587
Stockholm,2.61,1.0,50.05,130.43,100235.3144740357,49457.42298927352,50777.89148476218,131378.3142303118,-29019.45208414908,102.6699096226163,-40.74857919332048
Stockholm,2.65,1.0,50.05,132.79,101190.91532133128,49457.42298927352,51733.492332057765,133758.35615477394,-30409.470930819334,104.6020783235671,-42.96248994728855
Stockholm,2.7,1.0,50.05,135.16,102129.73152819491,49457.42298927352,52672.308538921396,136138.39807923615,-31816.377203472137,106.50030946890445,-45.24940889114321
Stockholm,2.75,1.0,50.05,137.52,103051.67320763151,49457.42298927352,53594.25021835799,138518.4400036983,-33240.05307074226,108.36442131241186,-47.61392588449303
Stockholm,2.79,1.0,50.05,139.88,103957.31205718276,49457.42298927352,54499.889067909244,140898.48192816047,-34680.07441003693,110.19556979288903,-50.05984012624053
Stockholm,2.84,1.0,50.05,142.25,104846.00642890234,49457.42298927352,55388.58343962883,143278.52385262266,-36137.16772697644,111.99245753593283,-52.5946419844868
Tallinn,1.0,1.0,50.05,50.09,47502.297630253575,47502.297630253575,0.0,48482.67797999639,-1.374361533455358,0.0,-0.0028933364635469945
Tallinn,1.05,1.0,50.05,52.46,49738.68859163356,47502.297630253575,2236.390961379984,50769.59675263774,-19.6666765735715,4.707963767958157,-0.039555638498219185
Tallinn,1.1,1.0,50.05,54.82,51927.73870702083,47502.297630253575,4425.4410767672525,53056.51552527909,-87.27586597057055,9.316267417660127,-0.16835471982217817
Tallinn,1.14,1.0,50.05,57.18,54043.89783071998,47502.297630253575,6541.600200466404,55343.43429792043,-228.20974581809782,13.771123770442943,-0.42405802831706724
Tallinn,1.19,1.0,50.05,59.54,56085.532118209754,47502.297630253575,8583.234487956179,57630.35307056175,-443.79596356531073,18.069093320003184,-0.7975954638292984
Tallinn,1.24,1.0,50.05,61.91,58058.721396676505,47502.297630253575,10556.42376642293,59917.271843203096,-726.9028141601244,22.222975083419303,-1.2678872433008728
Tallinn,1.28,1.0,50.05,64.27,59977.664655421395,47502.297630253575,12475.36702516782,62204.190615844425,-1063.7016023449817,26.262660223876043,-1.8055169729231726
Tallinn,1.33,1.0,50.05,66.63,61845.255831227136,47502.297630253575,14342.95820097356,64491.10938848576,-1452.0413957136002,30.194240945176347,-2.404312155406227
Tallinn,1.38,1.0,50.05,69.0,63659.334324434065,47502.297630253575,16157.03669418049,66778.02816112713,-1893.7874323885114,34.013168836469696,-3.066090284440438
Tallinn,1.43,1.0,50.05,71.36,65424.059561538976,47502.297630253575,17921.7619312854,69064.94693376846,-2384.8173966404074,37.728200161567074,-3.7830679981878315
Tallinn,1.47,1.0,50.05,73.72,67139.55050049236,47502.297630253575,19637.252870238786,71351.86570640982,-2924.909321393255,41.339585346145626,-4.554894752484063
Tallinn,1.52,1.0,50.05,76.08,68806.86238727681,47502.297630253575,21304.564757023232,73638.78447905114,-3513.1903089597495,44.849545853240244,-5.380598451785378
Tallinn,1.57,1.0,50.05,78.45,70428.0853496476,47502.297630253575,22925.78771939403,75925.70325169248,-4147.404114618875,48.26248173897362,-6.257334772876488
Tallinn,1.61,1.0,50.05,80.81,72004.5197260275,47502.297630253575,24502.222095773926,78212.62202433383,-4826.356830734851,51.58113042550765,-7.1844132419302085
Tallinn,1.66,1.0,50.05,83.17,73537.89116986575,47502.297630253575,26035.59353961217,80499.54079697515,-5548.342297329624,54.8091246917506,-8.160581132449368
Tallinn,1.71,1.0,50.05,85.54,75028.58168050242,47502.297630253575,27526.284050248847,82786.45956961649,-6313.074650351548,57.94726870794082,-9.18726343324733
Tallinn,1.76,1.0,50.05,87.9,76477.20090363522,47502.297630253575,28974.90327338165,85073.37834225783,-7119.672982072074,60.99684587662539,-10.26517696842332
Tallinn,1.8,1.0,50.05,90.26,77886.56238460986,47502.297630253575,30384.264754356285,87360.29711489921,-7965.597838412447,63.96377916466288,-11.392288264486833
Tallinn,1.85,1.0,50.05,92.62,79257.0565044226,47502.297630253575,31754.75887416902,89647.21588754051,-8850.286305799522,66.84889038703012,-12.570220563778403
Tallinn,1.9,1.0,50.05,94.99,80591.83671784707,47502.297630253575,33089.53908759349,91934.13466018187,-9770.492213022908,69.65881807476867,-13.795971089418343
Tallinn,1.95,1.0,50.05,97.35,81891.27231403923,47502.297630253575,34388.97468378566,94221.05343282317,-10726.080175361241,72.39433964112881,-15.072087706107185
Tallinn,1.99,1.0,50.05,99.71,83156.40020271335,47502.297630253575,35654.10257245978,96507.97220546454,-11716.043848291189,75.05763794834243,-16.39975560895416
Tallinn,2.04,1.0,50.05,102.08,84389.04988100815,47502.297630253575,36886.75225075457,98794.89097810588,-12738.261315665288,77.65256438303712,-17.77825697486702
Tallinn,2.09,1.0,50.05,104.44,85592.49184312814,47502.297630253575,38090.194212874565,101081.80975074721,-13789.472046227465,80.18600386313825,-19.204585106910336
Tallinn,2.13,1.0,50.05,106.8,86769.27025979721,47502.297630253575,39266.972629543634,103368.72852338858,-14867.091981197922,82.66331227846761,-20.676831129638966
Tallinn,2.18,1.0,50.05,109.16,87922.72474897005,47502.297630253575,40420.42711871648,105655.64729602991,-15967.866298057519,85.09152006359636,-22.191505399111815
Tallinn,2.23,1.0,50.05,111.53,89053.16976571915,47502.297630253575,41550.87213546558,107942.56606867124,-17091.81262698665,87.47128919718273,-23.751376164343
Tallinn,2.28,1.0,50.05,113.89,90158.31997348944,47502.297630253575,42656.02234323587,110229.48484131259,-18241.24759486968,89.7978086770877,-25.364279984640508
Tallinn,2.32,1.0,50.05,116.25,91238.03414647092,47502.297630253575,43735.736516217345,112516.40361395391,-19415.897189961095,92.07078120019744,-27.033304789744594
Tallinn,2.37,1.0,50.05,118.62,92294.6624347119,47502.297630253575,44792.36480445833,114803.32238659523,-20613.60891607629,94.29515421151055,-28.75740227606612
Tallinn,2.42,1.0,50.05,120.98,93328.81560397496,47502.297630253575,45826.517973721384,117090.2411592366,-21833.7697725074,96.4722134714913,-30.53885694957841
Tallinn,2.46,1.0,50.05,123.34,94340.7104357279,47502.297630253575,46838.41280547433,119377.15993187793,-23076.200459150514,98.60241534010255,-32.38105540434503
Tallinn,2.51,1.0,50.05,125.7,95331.48408673772,47502.297630253575,47829.186456484145,121664.07870451924,-24339.634165199106,100.68815371579495,-34.285110462820285
Tallinn,2.56,1.0,50.05,128.07,96302.32014309982,47502.297630253575,48800.02251284624,123950.99747716058,-25622.99707049157,102.73192023824582,-36.25246529903702
Tallinn,2.61,1.0,50.05,130.43,97253.84345084759,47502.297630253575,49751.545820594016,126237.91624980202,-26925.54364087432,104.73503030916113,-38.28550343691943
Tallinn,2.65,1.0,50.05,132.79,98187.13419714764,47502.297630253575,50684.83656689406,128524.83502244328,-28246.31531083248,106.69975789679185,-40.386023155870205
Tallinn,2.7,1.0,50.05,135.16,99102.04489532342,47502.297630253575,51599.74726506984,130811.75379508462,-29585.424783807637,108.62579251789002,-42.55877908958733
Tallinn,2.75,1.0,50.05,137.52,99999.80462707939,47502.297630253575,52497.50699682581,133098.672567726,-30941.665209235416,110.5157215877298,-44.80524014992559
Tallinn,2.79,1.0,50.05,139.88,100880.65577676329,47502.297630253575,53378.358146509716,135385.5913403673,-32314.823442713383,112.37005536446674,-47.129630521039836
Tallinn,2.84,1.0,50.05,142.25,101745.41187916188,47502.297630253575,54243.11424890831,137672.51011300864,-33704.03079029905,114.19050647007356,-49.534607103699436
Valletta,1.0,1.0,50.05,50.09,84240.88356958229,84240.88356958229,0.0,85762.52972505492,-18.93574932062877,0.0,-0.02248315291999612
Valletta,1.05,1.0,50.05,52.46,88141.06890267348,84240.88356958229,3900.1853330911836,89807.93207057641,-98.89925747820804,4.629801074996634,-0.11233169045784105
Valletta,1.1,1.0,50.05,54.82,91908.16311303483,84240.88356958229,7667.279543452532,93853.33441609786,-317.99789570913265,9.101613395495098,-0.3471965521129756
Valletta,1.14,1.0,50.05,57.18,95430.94897361132,84240.88356958229,11190.065404029025,97898.7367616193,-791.20402229959,13.283414097605137,-0.836016646818556
Valletta,1.19,1.0,50.05,59.54,98704.62980229092,84240.88356958229,14463.746232708625,101944.1391071407,-1510.456006212455,17.16950917396502,-1.5540602355255557
Valletta,1.24,1.0,50.05,61.91,101768.36566249882,84240.88356958229,17527.48209291653,105989.54145266222,-2439.6825130662287,20.806384442108765,-2.45617120423907
Valletta,1.28,1.0,50.05,64.27,104638.9946896822,84240.88356958229,20398.1111200999,110034.94379818371,-3559.930456651417,24.21402798232906,-3.5219266063289267
Valletta,1.33,1.0,50.05,66.63,107354.52448667529,84240.88356958229,23113.640917093,114080.34614370513,-4833.990879419449,27.437557558381158,-4.715144088049621
Valletta,1.38,1.0,50.05,69.0,109931.99650071854,84240.88356958229,25691.112931136246,118125.74848922662,-6245.042188652332,30.49720259630894,-6.022977750756043
Valletta,1.43,1.0,50.05,71.36,112388.86739483404,84240.88356958229,28147.98382525175,122171.15083474807,-7776.2369391691,33.41368541321358,-7.433363357080182
Valletta,1.47,1.0,50.05,73.72,114735.56535590198,84240.88356958229,30494.681786319692,126216.55318026952,-9417.122812550695,36.199385018476605,-8.94157052187171
Valletta,1.52,1.0,50.05,76.08,116977.4091161524,84240.88356958229,32736.525546570105,130261.95552579097,-11162.830137772593,38.86061513057374,-10.549425462490758
Valletta,1.57,1.0,50.05,78.45,119120.28352574956,84240.88356958229,34879.39995616727,134307.35787131244,-13007.704036592884,41.40436149076851,-12.258399615968342
Valletta,1.61,1.0,50.05,80.81,121165.97879183991,84240.88356958229,36925.095222257616,138352.76021683394,-14949.629617491377,43.83274920396316,-14.074697288787764
Valletta,1.66,1.0,50.05,83.17,123121.68184978802,84240.88356958229,38880.79828020572,142398.1625623553,-16981.317990865555,46.15430968039467,-15.99892573708947
Valletta,1.71,1.0,50.05,85.54,124992.20982501781,84240.88356958229,40751.32625543552,146443.5649078768,-19098.377031284337,48.374761195109315,-18.035400671996953
Valletta,1.76,1.0,50.05,87.9,126776.82202017836,84240.88356958229,42535.93845059606,150488.96725339832,-21302.00088777884,50.49322448696982,-20.196290127896066
Valletta,1.8,1.0,50.05,90.26,128479.08182857922,84240.88356958229,44238.19825899693,154534.36959891967,-23587.52539211811,52.5139295606468,-22.487534929855332
Valletta,1.85,1.0,50.05,92.62,130107.4331684492,84240.88356958229,45866.54959886691,158579.77194444116,-25946.916014714385,54.44689995562726,-24.91050997415677
Valletta,1.9,1.0,50.05,94.99,131659.4722163655,84240.88356958229,47418.58864678322,162625.17428996266,-28383.253947281148,56.289282160265856,-27.48285561089106
Valletta,1.95,1.0,50.05,97.35,133140.6028871254,84240.88356958229,48899.7193175431,166670.57663548406,-30890.005663658918,58.04749101088467,-30.210098036053008
Valletta,1.99,1.0,50.05,99.71,134558.38901600303,84240.88356958229,50317.505446420735,170715.97898100552,-33459.651008481866,59.730505325076365,-33.096012539733835
Valletta,2.04,1.0,50.05,102.08,135917.2042383388,84240.88356958229,51676.32066875651,174761.38132652701,-36088.24807522755,61.34351692319595,-36.15008056005584
Valletta,2.09,1.0,50.05,104.44,137220.58531358262,84240.88356958229,52979.701744000326,178806.78367204856,-38772.166585525694,62.89072419360312,-39.38322939713807
Valletta,2.13,1.0,50.05,106.8,138472.89905108835,84240.88356958229,54232.01548150605,182852.18601756997,-41506.93230830553,64.37731085371492,-42.805670589980366
Valletta,2.18,1.0,50.05,109.16,139677.14589918542,84240.88356958229,55436.26232960312,186897.58836309143,-44289.64026428403,65.80683865193937,-46.43128045910331
Valletta,2.23,1.0,50.05,111.53,140837.5344539161,84240.88356958229,56596.65088433381,190942.99070861284,-47115.94179015062,67.18430349509028,-50.27223764664696
Valletta,2.28,1.0,50.05,113.89,141958.1900084654,84240.88356958229,57717.30643888311,194988.39305413427,-49981.83201984481,68.51460240348628,-54.342043012867094
Valletta,2.32,1.0,50.05,116.25,143039.46564795155,84240.88356958229,58798.58207836926,199033.79539965576,-52887.211936671236,69.79815451460941,-58.66432591474273
Valletta,2.37,1.0,50.05,118.62,144083.71905515823,84240.88356958229,59842.83548557594,203079.19774517725,-55829.52208522906,71.03775856784104,-63.25990604645333
Valletta,2.42,1.0,50.05,120.98,145094.01856749508,84240.88356958229,60853.134997912784,207124.60009069872,-58805.40138536133,72.23705690082012,-68.1496624997916
Valletta,2.46,1.0,50.05,123.34,146072.99783212953,84240.88356958229,61832.11426254724,211170.00243622012,-61812.64960614382,73.39917584254017,-73.35911957112103
Valletta,2.51,1.0,50.05,125.7,147021.67047388546,84240.88356958229,62780.78690430317,215215.40478174158,-64850.09868673487,74.52531863871863,-78.92035807069188
Valletta,2.56,1.0,50.05,128.07,147941.78163062411,84240.88356958229,63700.89806104182,219260.80712726305,-67916.05512714437,75.6175568937681,-84.86777701942036
Valletta,2.61,1.0,50.05,130.43,148834.38669016497,84240.88356958229,64593.50312058268,223306.20947278442,-71009.60816451993,76.67714342909161,-91.24292996364987
Valletta,2.65,1.0,50.05,132.79,149700.58746777335,84240.88356958229,65459.70389819106,227351.611818306,-74129.5540140318,77.70538617881645,-98.092550314808
Valletta,2.7,1.0,50.05,135.16,150541.2338223312,84240.88356958229,66300.35025274892,231397.0141638274,-77274.94926928962,78.70329398668446,-105.47136345278423
Valletta,2.75,1.0,50.05,137.52,151357.23247945623,84240.88356958229,67116.34890987394,235442.4165093488,-80445.15762972254,79.67194320135113,-113.44352538011324
Valletta,2.79,1.0,50.05,139.88,152149.62219027392,84240.88356958229,67908.73862069163,239487.81885487033,-83638.78839241574,80.61256689526476,-122.08111295097169
Valletta,2.84,1.0,50.05,142.25,152920.03557067813,84240.88356958229,68679.15200109583,243533.2212003918,-86854.30538071383,81.52710310115326,-131.46650333081072
Vienna,1.0,1.0,50.05,50.09,58794.48453056142,58794.48453056142,0.0,59900.91415388877,-0.0,0.0,-0.0
Vienna,1.05,1.0,50.05,52.46,61574.517756949695,58794.48453056142,2780.0332263882738,62726.428972468435,-0.6707864501677581,4.728391189386498,-0.001089401561167904
Vienna,1.1,1.0,50.05,54.82,64332.41807457868,58794.48453056142,5537.933544017258,65551.9437910481,-25.022361172755385,9.419137846405706,-0.03891054970453276
Vienna,1.14,1.0,50.05,57.18,67038.05440940267,58794.48453056142,8243.569878841248,68377.45860962773,-103.0779402356579,14.020991840750357,-0.1539971262754381
Vienna,1.19,1.0,50.05,59.54,69667.38535817327,58794.48453056142,10872.900827611847,71202.97342820739,-260.12641587036626,18.49306259664562,-0.3747827242199624
Vienna,1.24,1.0,50.05,61.91,72201.26637876638,58794.48453056142,13406.781848204955,74028.48824678706,-512.9247164715528,22.802788314669378,-0.7154925118617026
Vienna,1.28,1.0,50.05,64.27,74633.63704159993,58794.48453056142,15839.152511038505,76854.0030653667,-868.1671940903196,26.93986117491225,-1.1769289830120018
Vienna,1.33,1.0,50.05,66.63,76963.77393760924,58794.48453056142,18169.289407047814,79679.51788394639,-1325.9588527099902,30.903050774436846,-1.7530369580634702
Vienna,1.38,1.0,50.05,69.0,79194.2564269227,58794.48453056142,20399.77189636128,82505.03270252605,-1883.3891897699823,34.69674419163835,-2.4361247740148175
Vienna,1.43,1.0,50.05,71.36,81331.49214646897,58794.48453056142,22537.007615907547,85330.54752110573,-2533.2604773790167,38.33183979050415,-3.2148697042052214
Vienna,1.47,1.0,50.05,73.72,83387.14888093313,58794.48453056142,24592.664350371713,88156.06233968539,-3264.4816277588425,41.82818260374139,-4.074354661014496
Vienna,1.52,1.0,50.05,76.08,85361.88598875275,58794.48453056142,26567.40145819133,90981.57715826508,-4077.157924204388,45.18689409443087,-5.0158966158645555
Vienna,1.57,1.0,50.05,78.45,87259.8970509013,58794.48453056142,28465.41252033988,93807.09197684469,-4965.915241931876,48.415106872046024,-6.034360147330516
Vienna,1.61,1.0,50.05,80.81,89089.8498281797,58794.48453056142,30295.36529761827,96632.60679542438,-5922.4552375586345,51.52756340923563,-7.121126334077226
Vienna,1.66,1.0,50.05,83.17,90856.19013469556,58794.48453056142,32061.705604134135,99458.12161400399,-6942.177491556276,54.531825323629526,-8.272965709647615
Vienna,1.71,1.0,50.05,85.54,92566.14268492647,58794.48453056142,33771.658154365046,102283.63643258368,-8017.891932318846,57.440180697239576,-9.483214449675128
Vienna,1.76,1.0,50.05,87.9,94221.78503562983,58794.48453056142,35427.30050506841,105109.15125116333,-9148.187513988869,60.2561631213099,-10.753262798909804
Vienna,1.8,1.0,50.05,90.26,95825.83796144873,58794.48453056142,37031.35343088731,107934.66606974293,-10329.680222820873,62.984400197672265,-12.082040288172902
Vienna,1.85,1.0,50.05,92.62,97383.05114216675,58794.48453056142,38588.566611605325,110760.18088832266,-11557.891688589185,65.6329703707955,-13.466787317582318
Vienna,1.9,1.0,50.05,94.99,98895.20130376711,58794.48453056142,40100.71677320569,113585.69570690228,-12831.102854158438,68.2048955669665,-14.908775070328737
Vienna,1.95,1.0,50.05,97.35,100364.41342272828,58794.48453056142,41569.928892166856,116411.21052548196,-14147.031790661908,70.70379003077878,-16.408561154216585
Vienna,1.99,1.0,50.05,99.71,101793.85338627531,58794.48453056142,42999.36885571389,119236.72534406162,-15502.497481938319,73.1350384292642,-17.965295966752986
Vienna,2.04,1.0,50.05,102.08,103184.88783199315,58794.48453056142,44390.40330143173,122062.24016264128,-16896.54206892885,75.50096519403544,-19.581487997607912
Vienna,2.09,1.0,50.05,104.44,104538.39669049816,58794.48453056142,45743.91215993674,124887.7549812209,-18327.871087229727,77.80306694611639,-21.259435502774473
Vienna,2.13,1.0,50.05,106.8,105858.34463530175,58794.48453056142,47063.86010474033,127713.26979980065,-19792.50505061337,80.04808696005574,-22.99693484211891
Vienna,2.18,1.0,50.05,109.16,107145.70092179113,58794.48453056142,48351.216391229704,130538.78461838028,-21289.77043262539,82.23767378400385,-24.797087762402125
Vienna,2.23,1.0,50.05,111.53,108399.75640324657,58794.48453056142,49605.27187268515,133364.29943695993,-22820.6276871055,84.37062127298742,-26.66611360674125
Vienna,2.28,1.0,50.05,113.89,109622.769619479,58794.48453056142,50828.28508891758,136189.81425553962,-24382.064785245286,86.45077084143325,-28.60378129516961
Vienna,2.32,1.0,50.05,116.25,110817.16717084628,58794.48453056142,52022.68264028486,139015.32907411925,-25972.218897220093,88.48224974783719,-30.611391044118868
Vienna,2.37,1.0,50.05,118.62,111981.16526781101,58794.48453056142,53186.68073724959,141840.8438926989,-27592.987798518523,90.46202405193824,-32.697693712557275
Vienna,2.42,1.0,50.05,120.98,113116.51426989133,58794.48453056142,54322.029739329904,144666.35871127853,-29242.23405816645,92.39307083488974,-34.86436364562523
Vienna,2.46,1.0,50.05,123.34,114224.69776459414,58794.48453056142,55430.213234032715,147491.87352985825,-30918.538788644957,94.2779134413876,-37.11434924946097
Vienna,2.51,1.0,50.05,125.7,115307.36045484015,58794.48453056142,56512.87592427873,150317.38834843787,-32620.22642961687,96.11934924763781,-39.45018389398554
Vienna,2.56,1.0,50.05,128.07,116366.29153042725,58794.48453056142,57571.806999865825,153142.90316701756,-34345.45185284036,97.92042137887942,-41.874055408171635
Vienna,2.61,1.0,50.05,130.43,117402.42210957209,58794.48453056142,58607.937579010664,155968.4179855972,-36093.560900184006,99.68271351804472,-44.39068554561993
Vienna,2.65,1.0,50.05,132.79,118415.37145251199,58794.48453056142,59620.886921950565,158793.93280417687,-37864.90341662652,101.40557808778743,-47.007676478996494
Vienna,2.7,1.0,50.05,135.16,119406.92730994613,58794.48453056142,60612.442779384706,161619.44762275644,-39657.37573309032,103.09205576567018,-49.727396516922006
Vienna,2.75,1.0,50.05,137.52,120377.46702678925,58794.48453056142,61582.98249622783,164444.9624413362,-41470.98974049276,104.7427883549467,-52.55714253979874
Vienna,2.79,1.0,50.05,139.88,121327.80532011708,58794.48453056142,62533.32078955566,167270.47725991588,-43304.654752598726,106.35916155885472,-55.502314938082996
Vienna,2.84,1.0,50.05,142.25,122258.07454829031,58794.48453056142,63463.59001772889,170095.9920784955,-45158.659200006885,107.94140049776347,-58.571986565670265
Vilnius,1.0,1.0,50.05,50.09,48935.81066602825,48935.81066602825,0.0,49907.9387979784,-0.0,0.0,-0.0
Vilnius,1.05,1.0,50.05,52.46,51253.971630195905,48935.81066602825,2318.160964167655,52262.086854486806,-0.23893018700655563,4.737146340516121,-0.00046617129020637
Vilnius,1.1,1.0,50.05,54.82,53564.777087768125,48935.81066602825,4628.966421739875,54616.23491099523,-7.856521869563696,9.45926175277066,-0.014669480221322133
Vilnius,1.14,1.0,50.05,57.18,55855.88467181744,48935.81066602825,6920.074005789189,56970.38296750363,-36.20061868648658,14.141124692950424,-0.06485278320821321
Vilnius,1.19,1.0,50.05,59.54,58090.66804995147,48935.81066602825,9154.85738392322,59324.53102401205,-123.19704492434147,18.707889497125706,-0.21252789329666877
Vilnius,1.24,1.0,50.05,61.91,60253.81021343791,48935.81066602825,11317.999547409658,61678.67908052047,-282.1542415941343,23.128255960959756,-0.470479323976986
Vilnius,1.28,1.0,50.05,64.27,62353.88836082627,48935.81066602825,13418.07769479802,64032.82713702887,-503.2887861850399,27.419751532006376,-0.8137169075906395
Vilnius,1.33,1.0,50.05,66.63,64392.41898413358,48935.81066602825,15456.608318105333,66386.97519353732,-786.3569857418895,31.585475151503868,-1.2362925184108597
Vilnius,1.38,1.0,50.05,69.0,66368.85880712004,48935.81066602825,17433.048141091786,68741.12325004573,-1131.723662604372,35.62431663810975,-1.7347844292937402
Vilnius,1.43,1.0,50.05,71.36,68276.96989445327,48935.81066602825,19341.159228425022,71095.27130655412,-1546.0754293612615,39.5235288129228,-2.3168810215334936
Vilnius,1.47,1.0,50.05,73.72,70112.02480883154,48935.81066602825,21176.214142803292,73449.41936306254,-2034.132622085407,43.27345118960917,-2.987948887291528
Vilnius,1.52,1.0,50.05,76.08,71880.50273444454,48935.81066602825,22944.69206841629,75803.56741957097,-2587.7252843718447,46.887323937487636,-3.7344805326014967
Vilnius,1.57,1.0,50.05,78.45,73587.28249679063,48935.81066602825,24651.471830762384,78157.71547607941,-3203.308745200506,50.37511690365374,-4.551190525994047
Vilnius,1.61,1.0,50.05,80.81,75234.19008775146,48935.81066602825,26298.379421723206,80511.86353258783,-3878.861042419218,53.740561490237695,-5.435979476676461
Vilnius,1.66,1.0,50.05,83.17,76823.05156385664,48935.81066602825,27887.240897828393,82866.01158909622,-4612.140438735599,56.98738923147748,-6.387040915110552
Vilnius,1.71,1.0,50.05,85.54,78361.76918637301,48935.81066602825,29425.958520344764,85220.15964560467,-5395.195900934371,60.13174834512872,-7.394065060214425
Vilnius,1.76,1.0,50.05,87.9,79853.68185900612,48935.81066602825,30917.871192977866,87574.30770211303,-6225.000077020858,63.18046185845936,-8.45458580319705
Vilnius,1.8,1.0,50.05,90.26,81301.04118411499,48935.81066602825,32365.23051808674,89928.45575862147,-7099.261492492527,66.13813090574797,-9.567508383217458
Vilnius,1.85,1.0,50.05,92.62,82705.65128610465,48935.81066602825,33769.8406200764,92282.60381512991,-8016.343151477368,69.00844220308335,-10.732919278122019
Vilnius,1.9,1.0,50.05,94.99,84068.98836683131,48935.81066602825,35133.17770080306,94636.75187163826,-8974.469196198628,71.79441235903113,-11.950897742359185
Vilnius,1.95,1.0,50.05,97.35,85395.59010158395,48935.81066602825,36459.7794355557,96990.89992814673,-9969.020227348814,74.50531408252823,-13.216854808552176
Vilnius,1.99,1.0,50.05,99.71,86687.53388432393,48935.81066602825,37751.72321829568,99345.04798465515,-10998.218428753167,77.14539251416412,-14.530741046547138
Vilnius,2.04,1.0,50.05,102.08,87944.61658217086,48935.81066602825,39008.805916142606,101699.19604116355,-12062.505098886646,79.71423255326376,-15.89637513123742
Vilnius,2.09,1.0,50.05,104.44,89168.52764969178,48935.81066602825,40232.71698366353,104053.344097672,-13159.66044886994,82.21528658887325,-17.31332268655051
Vilnius,2.13,1.0,50.05,106.8,90361.19094898824,48935.81066602825,41425.38028295999,106407.49215418039,-14288.077086557085,84.65248602025902,-18.782032654000876
Vilnius,2.18,1.0,50.05,109.16,91524.02400596175,48935.81066602825,42588.2133399335,108761.64021068878,-15446.313947652578,87.02872755206788,-20.30333712175862
Vilnius,2.23,1.0,50.05,111.53,92659.25956082913,48935.81066602825,43723.44889480088,111115.78826719726,-16631.808291063568,89.34857377391758,-21.8760566259804
Vilnius,2.28,1.0,50.05,113.89,93768.42323504158,48935.81066602825,44832.612569013334,113469.9363237056,-17843.453584909144,91.61514228298377,-23.501429986910797
Vilnius,2.32,1.0,50.05,116.25,94852.36453999096,48935.81066602825,45916.55387396271,115824.08438021403,-19080.238471995108,93.8301690500827,-25.181078401935057
Vilnius,2.37,1.0,50.05,118.62,95911.40748254646,48935.81066602825,46975.59681651821,118178.23243672251,-20342.11134151038,95.99431618107262,-26.918487243212635
Vilnius,2.42,1.0,50.05,120.98,96947.1911220722,48935.81066602825,48011.380456043946,120532.38049323091,-21626.825674618984,98.11093308274128,-28.71311835270742
Vilnius,2.46,1.0,50.05,123.34,97961.95689252159,48935.81066602825,49026.146226493336,122886.52854973922,-22932.461077176402,100.18460011029877,-30.56459440113445
Vilnius,2.51,1.0,50.05,125.7,98957.94892538988,48935.81066602825,50022.13825936163,125240.6766062477,-24256.57599680174,102.21990313136371,-32.47139248697633
Vilnius,2.56,1.0,50.05,128.07,99935.86803250565,48935.81066602825,51000.0573664774,127594.82466275607,-25598.92589161741,104.21827425019478,-34.43634504510645
Vilnius,2.61,1.0,50.05,130.43,100895.05812056127,48935.81066602825,51959.24745453302,129948.97271926452,-26960.0578561401,106.17837274453015,-36.46454014975335
Vilnius,2.65,1.0,50.05,132.79,101835.47128554576,48935.81066602825,52899.66061951751,132303.120775773,-28339.947521533988,108.10010072284551,-38.56010008518517
Vilnius,2.7,1.0,50.05,135.16,102758.72719792981,48935.81066602825,53822.91653190156,134657.26883228138,-29736.84930957482,109.98676797085531,-40.72320538652846
Vilnius,2.75,1.0,50.05,137.52,103665.88882341688,48935.81066602825,54730.078157388634,137011.41688878977,-31149.745866010504,111.84054665182614,-42.955602153725756
Vilnius,2.79,1.0,50.05,139.88,104557.2971279536,48935.81066602825,55621.48646192535,139365.56494529822,-32578.465822282345,113.66213352737684,-45.261176419955945
Vilnius,2.84,1.0,50.05,142.25,105433.37735810601,48935.81066602825,56497.56669207776,141719.71300180667,-34022.37623486362,115.45239758600536,-47.64304616896099
Warsaw,1.0,1.0,50.05,50.09,52543.39404522803,52543.39404522803,0.0,53569.21438668705,-0.0,0.0,-0.0
Warsaw,1.05,1.0,50.05,52.46,55030.585250602875,52543.39404522803,2487.1912053748456,56096.064121908115,-0.0,4.733594489982764,-0.0
Warsaw,1.1,1.0,50.05,54.82,57505.0466089844,52543.39404522803,4961.652563756368,58622.91385712921,-13.680468328729624,9.442961677514594,-0.023795691852685555
Warsaw,1.14,1.0,50.05,57.18,59941.62632745939,52543.39404522803,7398.232282231358,61149.76359235031,-66.93078698831151,14.0802329515736,-0.11178476380405311
Warsaw,1.19,1.0,50.05,59.54,62302.50067140089,52543.39404522803,9759.106626172863,63676.61332757139,-199.09580272288096,18.57342260336755,-0.32058757993041276
Warsaw,1.24,1.0,50.05,61.91,64575.87433683744,52543.39404522803,12032.480291609412,66203.46306279248,-417.48201340399845,22.900081942274525,-0.6507052285527981
Warsaw,1.28,1.0,50.05,64.27,66779.4130048684,52543.39404522803,14236.018959640372,68730.31279801356,-705.303199595214,27.093832095022957,-1.0674426059977364
Warsaw,1.33,1.0,50.05,66.63,68904.88092993744,52543.39404522803,16361.486884709411,71257.16253323467,-1072.2873556807929,31.13899888276318,-1.5807848398232849
Warsaw,1.38,1.0,50.05,69.0,70952.92695256713,52543.39404522803,18409.532907339097,73784.01226845574,-1516.6623962600083,35.03681717152233,-2.1842511344055953
Warsaw,1.43,1.0,50.05,71.36,72929.37112780417,52543.39404522803,20385.977082576144,76310.86200367684,-2031.5780215747352,38.79836362498473,-2.865502482610041
Warsaw,1.47,1.0,50.05,73.72,74846.20152354824,52543.39404522803,22302.80747832021,78837.71173889791,-2605.7019695147196,42.4464537999249,-3.606982213025451
Warsaw,1.52,1.0,50.05,76.08,76699.96635526858,52543.39404522803,24156.572310040552,81364.56147411902,-3244.014258173987,45.97451829862224,-4.416271473666322
Warsaw,1.57,1.0,50.05,78.45,78485.83343384498,52543.39404522803,25942.43938861695,83891.41120934008,-3950.2412694700606,49.37336055277729,-5.299805307454337
Warsaw,1.61,1.0,50.05,80.81,80209.55510444105,52543.39404522803,27666.161059213024,86418.2609445612,-4718.221869841115,52.65392836138201,-6.250017939381965
Warsaw,1.66,1.0,50.05,83.17,81874.61742917057,52543.39404522803,29331.22338394254,88945.11067978226,-5544.889968424334,55.8228563588697,-7.264391152550469
Warsaw,1.71,1.0,50.05,85.54,83483.11316247538,52543.39404522803,30939.719117247347,91471.96041500337,-6428.192232928454,58.88412745209267,-8.342351345484992
Warsaw,1.76,1.0,50.05,87.9,85036.39129123597,52543.39404522803,32492.997246007937,93998.81015022444,-7366.674887255067,61.84030901779734,-9.484616692739069
Warsaw,1.8,1.0,50.05,90.26,86536.23167860758,52543.39404522803,33992.83763337955,96525.65988544548,-8358.871689677682,64.69478847163808,-10.692189773178985
Warsaw,1.85,1.0,50.05,92.62,87982.51054027435,52543.39404522803,35439.11649504632,99052.5096206666,-9404.647348426648,67.44733022868911,-11.968571002580228
Warsaw,1.9,1.0,50.05,94.99,89380.14208357724,52543.39404522803,36836.748038349215,101579.35935588769,-10498.461656015035,70.10728695341048,-13.309125260910069
Warsaw,1.95,1.0,50.05,97.35,90734.95651059698,52543.39404522803,38191.56246536895,104106.20909110879,-11634.971719520307,72.68575462120818,-14.709195899659461
Warsaw,1.99,1.0,50.05,99.71,92048.80584074665,52543.39404522803,39505.411795518616,106633.05882632991,-12812.498477782858,75.18625797471962,-16.169984321823165
Warsaw,2.04,1.0,50.05,102.08,93324.49326582407,52543.39404522803,40781.09922059604,109159.90856155095,-14027.777745108999,77.61413201722884,-17.690238054619616
Warsaw,2.09,1.0,50.05,104.44,94564.6621217748,52543.39404522803,42021.268076546774,111686.75829677207,-15278.74350346367,79.97440751614927,-19.270437638512817
Warsaw,2.13,1.0,50.05,106.8,95769.99224894449,52543.39404522803,43226.59820371646,114213.60803199318,-16564.563795691123,82.26837833602468,-20.913419849079464
Warsaw,2.18,1.0,50.05,109.16,96941.29814171461,52543.39404522803,44397.90409648658,116740.45776721422,-17884.185876546733,84.49759461345413,-22.62185572445505
Warsaw,2.23,1.0,50.05,111.53,98082.57470379114,52543.39404522803,45539.180658563106,119267.30750243533,-19233.67825810031,86.66965940449931,-24.39308490683569
Warsaw,2.28,1.0,50.05,113.89,99194.05633121626,52543.39404522803,46650.662285988226,121794.15723765641,-20613.11183688622,88.78501880908665,-26.231692644485268
Warsaw,2.32,1.0,50.05,116.25,100277.05676174334,52543.39404522803,47733.66271651531,124321.00697287753,-22020.792100791972,90.846173118218,-28.139334526376903
Warsaw,2.37,1.0,50.05,118.62,101333.79822109727,52543.39404522803,48790.40417586924,126847.85670809857,-23454.68992123494,92.85735164704376,-30.11679310826984
Warsaw,2.42,1.0,50.05,120.98,102364.91290148384,52543.39404522803,49821.51885625581,129374.70644331966,-24914.168220859763,94.81975757670071,-32.16775813272788
Warsaw,2.46,1.0,50.05,123.34,103371.98339069373,52543.39404522803,50828.5893454657,131901.55617854075,-26397.494203664384,96.73640287057538,-34.293821865481796
Warsaw,2.51,1.0,50.05,125.7,104356.61216006095,52543.39404522803,51813.21811483292,134428.40591376185,-27903.260772858794,98.61033733419163,-36.49710610008607
Warsaw,2.56,1.0,50.05,128.07,105318.81447782791,52543.39404522803,52775.42043259988,136955.25564898294,-29431.574136885,100.4415900258977,-38.783297435321266
Warsaw,2.61,1.0,50.05,130.43,106259.5403145156,52543.39404522803,53716.14626928757,139482.10538420398,-30981.198410226454,102.23196891896642,-41.155527109798406
Warsaw,2.65,1.0,50.05,132.79,107179.37845479893,52543.39404522803,54635.984409570905,142008.95511942514,-32551.87874383633,103.98259458180723,-43.6191469229332
Warsaw,2.7,1.0,50.05,135.16,108078.4840957341,52543.39404522803,55535.09005050606,144535.8048546462,-34143.0826389817,105.69376238372203,-46.17961350889977
Warsaw,2.75,1.0,50.05,137.52,108958.24954722472,52543.39404522803,56414.855501996695,147062.65458986728,-35753.62111811333,107.36812215335046,-48.840656506761455
Warsaw,2.79,1.0,50.05,139.88,109819.97622252085,52543.39404522803,57276.582177292825,149589.50432508832,-37382.03991662873,109.00815072583737,-51.605611400594334
Warsaw,2.84,1.0,50.05,142.25,110664.46237633463,52543.39404522803,58121.0683311066,152116.3540603094,-39027.771809490056,110.61536733062476,-54.48014348607162
Zagreb,1.0,1.0,50.05,50.09,61728.37749079367,61728.37749079367,0.0,62879.24178863756,-0.0,0.0,-0.0
Zagreb,1.05,1.0,50.05,52.46,64645.792975679666,61728.37749079367,2917.415484885998,65845.24375979969,-0.0,4.726214430828202,-0.0
Zagreb,1.1,1.0,50.05,54.82,67553.56826523943,61728.37749079367,5825.190774445764,68811.24573096185,-10.467148686345249,9.436811740782508,-0.01549699157029084
Zagreb,1.14,1.0,50.05,57.18,70414.16353629976,61728.37749079367,8685.786045506095,71777.24770212399,-70.4923459567847,14.070977399011525,-0.10021135485812138
Zagreb,1.19,1.0,50.05,59.54,73197.98058900375,61728.37749079367,11469.603098210086,74743.24967328609,-210.84960499238417,18.580762308098397,-0.2888860024359268
Zagreb,1.24,1.0,50.05,61.91,75860.38466482182,61728.37749079367,14132.00717402815,77709.25164444832,-474.73925905576044,22.893858138642692,-0.6297475553873136
Zagreb,1.28,1.0,50.05,64.27,78404.71099006788,61728.37749079367,16676.33349927421,80675.25361561039,-857.7661524408262,27.01566795881094,-1.1061250114196943
Zagreb,1.33,1.0,50.05,66.63,80823.66477364046,61728.37749079367,19095.287282846788,83641.25558677255,-1365.6941758312312,30.93437420365489,-1.7187629706073633
Zagreb,1.38,1.0,50.05,69.0,83130.37089153819,61728.37749079367,21401.99340074452,86607.25755793475,-1986.0442167143553,34.67123917834463,-2.4475453776000746
Zagreb,1.43,1.0,50.05,71.36,85330.1991198145,61728.37749079367,23601.82162902083,89573.25952909686,-2712.978345648971,38.234961922562874,-3.2837927979505714
Zagreb,1.47,1.0,50.05,73.72,87433.39176801064,61728.37749079367,25705.01427721697,92539.26150025902,-3535.8775693148036,41.64213498248951,-4.2145200642545
Zagreb,1.52,1.0,50.05,76.08,89453.08861927432,61728.37749079367,27724.711128480652,95505.26347142115,-4441.396440639658,44.914044812883006,-5.224453633162569
Zagreb,1.57,1.0,50.05,78.45,91396.08113733656,61728.37749079367,29667.70364654289,98471.26544258335,-5423.372504089143,48.061693588119354,-6.30824896680272
Zagreb,1.61,1.0,50.05,80.81,93270.18408188397,61728.37749079367,31541.806591090302,101437.2674137455,-6473.816807957543,51.09774122249452,-7.458626450950871
Zagreb,1.66,1.0,50.05,83.17,95078.89757802598,61728.37749079367,33350.52008723231,104403.26938490762,-7589.718882010801,54.02785792029978,-8.675037296191336
Zagreb,1.71,1.0,50.05,85.54,96826.76246846512,61728.37749079367,35098.384977671456,107369.27135606979,-8766.053100248533,56.85939984880717,-9.954556536212086
Zagreb,1.76,1.0,50.05,87.9,98515.37444830821,61728.37749079367,36786.996957514544,110335.2733272319,-10001.898603768042,59.59495203482557,-11.299859720043969
Zagreb,1.8,1.0,50.05,90.26,100148.1408293699,61728.37749079367,38419.76333857624,113301.27529839406,-11292.941295702873,62.240034325065906,-12.709375877799928
Zagreb,1.85,1.0,50.05,92.62,101731.9005798061,61728.37749079367,40003.52308901243,116267.27726955622,-12632.759771427201,64.80572585109444,-14.178318283220992
Zagreb,1.9,1.0,50.05,94.99,103268.62359881504,61728.37749079367,41540.246108021376,119233.27924071834,-14019.750806495123,67.2952178505207,-15.7086026611437
Zagreb,1.95,1.0,50.05,97.35,104758.01142785922,61728.37749079367,43029.633937065555,122199.28121188052,-15454.237880713712,69.70802682037626,-17.30524620278791
Zagreb,1.99,1.0,50.05,99.71,106202.84757913042,61728.37749079367,44474.470088336755,125165.28318304266,-16932.96010498736,72.04866205169542,-18.968277639973476
Zagreb,2.04,1.0,50.05,102.08,107603.31055290019,61728.37749079367,45874.933062106524,128131.28515420483,-18456.431018238305,74.31741271500037,-20.70339546889257
Zagreb,2.09,1.0,50.05,104.44,108961.2037529543,61728.37749079367,47232.82626216063,131097.28712536694,-20022.21464615138,76.5172003252557,-22.51230292499455
Zagreb,2.13,1.0,50.05,106.8,110279.17480423368,61728.37749079367,48550.797313440016,134063.28909652913,-21627.860096903038,78.65231403608658,-24.39654749430875
Zagreb,2.18,1.0,50.05,109.16,111557.96613151117,61728.37749079367,49829.588640717506,137029.29106769123,-23272.799225847706,80.72395657596738,-26.36093926255551
Zagreb,2.23,1.0,50.05,111.53,112799.17153106387,61728.37749079367,51070.7940402702,139995.2930388534,-24955.040821574272,82.73470989560195,-28.408318939489984
Zagreb,2.28,1.0,50.05,113.89,114006.08855831088,61728.37749079367,52277.71106751721,142961.2950100155,-26671.406511931724,84.68991603628986,-30.539306821736467
Zagreb,2.32,1.0,50.05,116.25,115181.60307799495,61728.37749079367,53453.22558720128,145927.29698117764,-28418.91386179654,86.59425010024512,-32.75476373373036
Zagreb,2.37,1.0,50.05,118.62,116327.73218762489,61728.37749079367,54599.35469683122,148893.29895233994,-30195.75136480558,88.45097978636214,-35.05753737037671
Zagreb,2.42,1.0,50.05,120.98,117444.69553830099,61728.37749079367,55716.318047507324,151859.30092350207,-32001.855763738182,90.26046092952468,-37.45411066412783
Zagreb,2.46,1.0,50.05,123.34,118534.17949182559,61728.37749079367,56805.80200103192,154825.3028946641,-33835.10757936897,92.02542543663016,-39.9474360407872
Zagreb,2.51,1.0,50.05,125.7,119598.45661938167,61728.37749079367,57870.079128588004,157791.30486582633,-35693.58030898401,93.74955487404299,-42.540531466775775
Zagreb,2.56,1.0,50.05,128.07,120637.34509604317,61728.37749079367,58908.9676052495,160757.30683698846,-37577.49409266813,95.43255468529905,-45.241465808963724
Zagreb,2.61,1.0,50.05,130.43,121652.25127421127,61728.37749079367,59923.873783417606,163723.30880815053,-39485.327774848694,97.07670316193683,-48.05501544079962
Zagreb,2.65,1.0,50.05,132.79,122643.9413200487,61728.37749079367,60915.563829255036,166689.31077931274,-41416.35364264062,98.68324149349323,-50.98803845698817
Zagreb,2.7,1.0,50.05,135.16,123612.82594454965,61728.37749079367,61884.448453755984,169655.31275047487,-43370.26949721518,100.25283503196822,-54.04896281648299
Zagreb,2.75,1.0,50.05,137.52,124559.40782840537,61728.37749079367,62831.0303376117,172621.31472163703,-45346.44156172813,101.78629812031343,-57.246235937012436
Zagreb,2.79,1.0,50.05,139.88,125483.95386303731,61728.37749079367,63755.576372243646,175587.31669279924,-47344.694154688026,103.28406312275472,-60.5901493454118
Zagreb,2.84,1.0,50.05,142.25,126387.16210266066,61728.37749079367,64658.78461186699,178553.3186639613,-49364.222117126315,104.74726088744252,-64.09028547390866
